model,dataset,stem,label,filter_type,band,score
audioseal,bonafide,E_0000068801,0,none,unfiltered,0.010771411471068859
audioseal,bonafide,E_0000068801,0,bandstop,0-250Hz,0.0038064385298639536
audioseal,bonafide,E_0000068801,0,bandpass,0-250Hz,0.0
audioseal,bonafide,E_0000068801,0,bandstop,250-500Hz,0.010198709554970264
audioseal,bonafide,E_0000068801,0,bandpass,250-500Hz,0.0
audioseal,bonafide,E_0000068801,0,bandstop,500-1kHz,0.01519104465842247
audioseal,bonafide,E_0000068801,0,bandpass,500-1kHz,0.0005611315136775374
audioseal,bonafide,E_0000068801,0,bandstop,1k-2kHz,0.00010991236194968224
audioseal,bonafide,E_0000068801,0,bandpass,1k-2kHz,0.0004454342997632921
audioseal,bonafide,E_0000068801,0,bandstop,2k-4kHz,0.009706996381282806
audioseal,bonafide,E_0000068801,0,bandpass,2k-4kHz,0.004691522102802992
audioseal,bonafide,E_0000068801,0,bandstop,4k-8kHz,0.018216527998447418
audioseal,bonafide,E_0000068801,0,bandpass,4k-8kHz,0.0013131634332239628
audioseal,bonafide,E_0000068801,1,none,unfiltered,1.0
audioseal,bonafide,E_0000068801,1,bandstop,0-250Hz,1.0
audioseal,bonafide,E_0000068801,1,bandpass,0-250Hz,0.0
audioseal,bonafide,E_0000068801,1,bandstop,250-500Hz,0.9987794160842896
audioseal,bonafide,E_0000068801,1,bandpass,250-500Hz,0.005408844910562038
audioseal,bonafide,E_0000068801,1,bandstop,500-1kHz,0.582136332988739
audioseal,bonafide,E_0000068801,1,bandpass,500-1kHz,0.3966216444969177
audioseal,bonafide,E_0000068801,1,bandstop,1k-2kHz,0.011540797539055347
audioseal,bonafide,E_0000068801,1,bandpass,1k-2kHz,0.7126948833465576
audioseal,bonafide,E_0000068801,1,bandstop,2k-4kHz,0.692366898059845
audioseal,bonafide,E_0000068801,1,bandpass,2k-4kHz,0.2933560907840729
audioseal,bonafide,E_0000068801,1,bandstop,4k-8kHz,0.9216903448104858
audioseal,bonafide,E_0000068801,1,bandpass,4k-8kHz,0.012813467532396317
audioseal,bonafide,E_0000077580,0,none,unfiltered,0.007066910155117512
audioseal,bonafide,E_0000077580,0,bandstop,0-250Hz,0.0
audioseal,bonafide,E_0000077580,0,bandpass,0-250Hz,0.004481297917664051
audioseal,bonafide,E_0000077580,0,bandstop,250-500Hz,0.0012379988329485059
audioseal,bonafide,E_0000077580,0,bandpass,250-500Hz,0.0009413949446752667
audioseal,bonafide,E_0000077580,0,bandstop,500-1kHz,0.004958443343639374
audioseal,bonafide,E_0000077580,0,bandpass,500-1kHz,0.0
audioseal,bonafide,E_0000077580,0,bandstop,1k-2kHz,0.0044039227068424225
audioseal,bonafide,E_0000077580,0,bandpass,1k-2kHz,0.0
audioseal,bonafide,E_0000077580,0,bandstop,2k-4kHz,0.0034496320877224207
audioseal,bonafide,E_0000077580,0,bandpass,2k-4kHz,0.010348896495997906
audioseal,bonafide,E_0000077580,0,bandstop,4k-8kHz,0.02202606201171875
audioseal,bonafide,E_0000077580,0,bandpass,4k-8kHz,0.05046134814620018
audioseal,bonafide,E_0000077580,1,none,unfiltered,1.0
audioseal,bonafide,E_0000077580,1,bandstop,0-250Hz,1.0
audioseal,bonafide,E_0000077580,1,bandpass,0-250Hz,0.007363514043390751
audioseal,bonafide,E_0000077580,1,bandstop,250-500Hz,1.0
audioseal,bonafide,E_0000077580,1,bandpass,250-500Hz,0.0018054149113595486
audioseal,bonafide,E_0000077580,1,bandstop,500-1kHz,0.9640077352523804
audioseal,bonafide,E_0000077580,1,bandpass,500-1kHz,0.5353248715400696
audioseal,bonafide,E_0000077580,1,bandstop,1k-2kHz,0.5451321601867676
audioseal,bonafide,E_0000077580,1,bandpass,1k-2kHz,0.973995566368103
audioseal,bonafide,E_0000077580,1,bandstop,2k-4kHz,0.9721385836601257
audioseal,bonafide,E_0000077580,1,bandpass,2k-4kHz,0.24571697413921356
audioseal,bonafide,E_0000077580,1,bandstop,4k-8kHz,1.0
audioseal,bonafide,E_0000077580,1,bandpass,4k-8kHz,0.05006157606840134
audioseal,bonafide,E_0000078124,0,none,unfiltered,0.00035962191759608686
audioseal,bonafide,E_0000078124,0,bandstop,0-250Hz,0.0
audioseal,bonafide,E_0000078124,0,bandpass,0-250Hz,0.0
audioseal,bonafide,E_0000078124,0,bandstop,250-500Hz,0.0
audioseal,bonafide,E_0000078124,0,bandpass,250-500Hz,0.0
audioseal,bonafide,E_0000078124,0,bandstop,500-1kHz,0.0
audioseal,bonafide,E_0000078124,0,bandpass,500-1kHz,0.001452058320865035
audioseal,bonafide,E_0000078124,0,bandstop,1k-2kHz,0.0
audioseal,bonafide,E_0000078124,0,bandpass,1k-2kHz,0.0
audioseal,bonafide,E_0000078124,0,bandstop,2k-4kHz,0.001194216194562614
audioseal,bonafide,E_0000078124,0,bandpass,2k-4kHz,0.0041254740208387375
audioseal,bonafide,E_0000078124,0,bandstop,4k-8kHz,0.008033817633986473
audioseal,bonafide,E_0000078124,0,bandpass,4k-8kHz,0.00937731098383665
audioseal,bonafide,E_0000078124,1,none,unfiltered,1.0
audioseal,bonafide,E_0000078124,1,bandstop,0-250Hz,1.0
audioseal,bonafide,E_0000078124,1,bandpass,0-250Hz,0.0
audioseal,bonafide,E_0000078124,1,bandstop,250-500Hz,1.0
audioseal,bonafide,E_0000078124,1,bandpass,250-500Hz,0.005319690331816673
audioseal,bonafide,E_0000078124,1,bandstop,500-1kHz,0.9628300070762634
audioseal,bonafide,E_0000078124,1,bandpass,500-1kHz,0.514571487903595
audioseal,bonafide,E_0000078124,1,bandstop,1k-2kHz,0.4602889120578766
audioseal,bonafide,E_0000078124,1,bandpass,1k-2kHz,0.8757200837135315
audioseal,bonafide,E_0000078124,1,bandstop,2k-4kHz,0.9742700457572937
audioseal,bonafide,E_0000078124,1,bandpass,2k-4kHz,0.3386077880859375
audioseal,bonafide,E_0000078124,1,bandstop,4k-8kHz,1.0
audioseal,bonafide,E_0000078124,1,bandpass,4k-8kHz,0.009696220979094505
audioseal,bonafide,E_0000106887,0,none,unfiltered,0.007151501253247261
audioseal,bonafide,E_0000106887,0,bandstop,0-250Hz,0.001887011807411909
audioseal,bonafide,E_0000106887,0,bandpass,0-250Hz,0.14820562303066254
audioseal,bonafide,E_0000106887,0,bandstop,250-500Hz,0.006050744093954563
audioseal,bonafide,E_0000106887,0,bandpass,250-500Hz,0.014761080965399742
audioseal,bonafide,E_0000106887,0,bandstop,500-1kHz,0.006809650920331478
audioseal,bonafide,E_0000106887,0,bandpass,500-1kHz,0.0
audioseal,bonafide,E_0000106887,0,bandstop,1k-2kHz,0.00019143597455695271
audioseal,bonafide,E_0000106887,0,bandpass,1k-2kHz,0.0
audioseal,bonafide,E_0000106887,0,bandstop,2k-4kHz,0.0016819017473608255
audioseal,bonafide,E_0000106887,0,bandpass,2k-4kHz,0.08945529907941818
audioseal,bonafide,E_0000106887,0,bandstop,4k-8kHz,0.00907953456044197
audioseal,bonafide,E_0000106887,0,bandpass,4k-8kHz,0.05045705288648605
audioseal,bonafide,E_0000106887,1,none,unfiltered,1.0
audioseal,bonafide,E_0000106887,1,bandstop,0-250Hz,1.0
audioseal,bonafide,E_0000106887,1,bandpass,0-250Hz,0.4450407922267914
audioseal,bonafide,E_0000106887,1,bandstop,250-500Hz,1.0
audioseal,bonafide,E_0000106887,1,bandpass,250-500Hz,0.046840280294418335
audioseal,bonafide,E_0000106887,1,bandstop,500-1kHz,0.9841381907463074
audioseal,bonafide,E_0000106887,1,bandpass,500-1kHz,0.00285786553286016
audioseal,bonafide,E_0000106887,1,bandstop,1k-2kHz,0.3059147000312805
audioseal,bonafide,E_0000106887,1,bandpass,1k-2kHz,0.8892064094543457
audioseal,bonafide,E_0000106887,1,bandstop,2k-4kHz,0.9729254841804504
audioseal,bonafide,E_0000106887,1,bandpass,2k-4kHz,0.16356152296066284
audioseal,bonafide,E_0000106887,1,bandstop,4k-8kHz,0.9908521175384521
audioseal,bonafide,E_0000106887,1,bandpass,4k-8kHz,0.030322091653943062
audioseal,bonafide,E_0000246429,0,none,unfiltered,0.003929920960217714
audioseal,bonafide,E_0000246429,0,bandstop,0-250Hz,0.0
audioseal,bonafide,E_0000246429,0,bandpass,0-250Hz,0.0
audioseal,bonafide,E_0000246429,0,bandstop,250-500Hz,0.0
audioseal,bonafide,E_0000246429,0,bandpass,250-500Hz,0.0
audioseal,bonafide,E_0000246429,0,bandstop,500-1kHz,0.0036595738492906094
audioseal,bonafide,E_0000246429,0,bandpass,500-1kHz,0.0
audioseal,bonafide,E_0000246429,0,bandstop,1k-2kHz,0.0
audioseal,bonafide,E_0000246429,0,bandpass,1k-2kHz,0.0018726468551903963
audioseal,bonafide,E_0000246429,0,bandstop,2k-4kHz,0.0
audioseal,bonafide,E_0000246429,0,bandpass,2k-4kHz,0.0034090084955096245
audioseal,bonafide,E_0000246429,0,bandstop,4k-8kHz,0.0
audioseal,bonafide,E_0000246429,0,bandpass,4k-8kHz,0.022155258804559708
audioseal,bonafide,E_0000246429,1,none,unfiltered,1.0
audioseal,bonafide,E_0000246429,1,bandstop,0-250Hz,0.9861529469490051
audioseal,bonafide,E_0000246429,1,bandpass,0-250Hz,0.0008967604371719062
audioseal,bonafide,E_0000246429,1,bandstop,250-500Hz,0.988830029964447
audioseal,bonafide,E_0000246429,1,bandpass,250-500Hz,6.593827038159361e-06
audioseal,bonafide,E_0000246429,1,bandstop,500-1kHz,0.5069333910942078
audioseal,bonafide,E_0000246429,1,bandpass,500-1kHz,0.5431599020957947
audioseal,bonafide,E_0000246429,1,bandstop,1k-2kHz,0.0010154492920264602
audioseal,bonafide,E_0000246429,1,bandpass,1k-2kHz,0.5063993334770203
audioseal,bonafide,E_0000246429,1,bandstop,2k-4kHz,0.9813988208770752
audioseal,bonafide,E_0000246429,1,bandpass,2k-4kHz,0.20010286569595337
audioseal,bonafide,E_0000246429,1,bandstop,4k-8kHz,1.0
audioseal,bonafide,E_0000246429,1,bandpass,4k-8kHz,0.008934635668992996
audioseal,bonafide,E_0000257343,0,none,unfiltered,0.0779399499297142
audioseal,bonafide,E_0000257343,0,bandstop,0-250Hz,0.11177150905132294
audioseal,bonafide,E_0000257343,0,bandpass,0-250Hz,0.0
audioseal,bonafide,E_0000257343,0,bandstop,250-500Hz,0.06694579124450684
audioseal,bonafide,E_0000257343,0,bandpass,250-500Hz,0.00021959039440844208
audioseal,bonafide,E_0000257343,0,bandstop,500-1kHz,0.060994889587163925
audioseal,bonafide,E_0000257343,0,bandpass,500-1kHz,0.0003147462266497314
audioseal,bonafide,E_0000257343,0,bandstop,1k-2kHz,0.002203223528340459
audioseal,bonafide,E_0000257343,0,bandpass,1k-2kHz,0.0
audioseal,bonafide,E_0000257343,0,bandstop,2k-4kHz,0.03963606432080269
audioseal,bonafide,E_0000257343,0,bandpass,2k-4kHz,0.002378895878791809
audioseal,bonafide,E_0000257343,0,bandstop,4k-8kHz,0.1671595275402069
audioseal,bonafide,E_0000257343,0,bandpass,4k-8kHz,0.00010247551836073399
audioseal,bonafide,E_0000257343,1,none,unfiltered,1.0
audioseal,bonafide,E_0000257343,1,bandstop,0-250Hz,1.0
audioseal,bonafide,E_0000257343,1,bandpass,0-250Hz,0.0
audioseal,bonafide,E_0000257343,1,bandstop,250-500Hz,0.9853020906448364
audioseal,bonafide,E_0000257343,1,bandpass,250-500Hz,0.004362529143691063
audioseal,bonafide,E_0000257343,1,bandstop,500-1kHz,0.636775553226471
audioseal,bonafide,E_0000257343,1,bandpass,500-1kHz,0.41618233919143677
audioseal,bonafide,E_0000257343,1,bandstop,1k-2kHz,0.3805501461029053
audioseal,bonafide,E_0000257343,1,bandpass,1k-2kHz,0.9668564796447754
audioseal,bonafide,E_0000257343,1,bandstop,2k-4kHz,0.9077720642089844
audioseal,bonafide,E_0000257343,1,bandpass,2k-4kHz,0.07952100038528442
audioseal,bonafide,E_0000257343,1,bandstop,4k-8kHz,1.0
audioseal,bonafide,E_0000257343,1,bandpass,4k-8kHz,0.0003440249420236796
audioseal,bonafide,E_0000277012,0,none,unfiltered,0.0
audioseal,bonafide,E_0000277012,0,bandstop,0-250Hz,0.0
audioseal,bonafide,E_0000277012,0,bandpass,0-250Hz,0.0
audioseal,bonafide,E_0000277012,0,bandstop,250-500Hz,0.0
audioseal,bonafide,E_0000277012,0,bandpass,250-500Hz,0.006308211479336023
audioseal,bonafide,E_0000277012,0,bandstop,500-1kHz,0.0020367319229990244
audioseal,bonafide,E_0000277012,0,bandpass,500-1kHz,0.0
audioseal,bonafide,E_0000277012,0,bandstop,1k-2kHz,0.0
audioseal,bonafide,E_0000277012,0,bandpass,1k-2kHz,0.0
audioseal,bonafide,E_0000277012,0,bandstop,2k-4kHz,0.000594046781770885
audioseal,bonafide,E_0000277012,0,bandpass,2k-4kHz,0.0017962843412533402
audioseal,bonafide,E_0000277012,0,bandstop,4k-8kHz,0.0013153892941772938
audioseal,bonafide,E_0000277012,0,bandpass,4k-8kHz,0.024872174486517906
audioseal,bonafide,E_0000277012,1,none,unfiltered,1.0
audioseal,bonafide,E_0000277012,1,bandstop,0-250Hz,1.0
audioseal,bonafide,E_0000277012,1,bandpass,0-250Hz,0.0
audioseal,bonafide,E_0000277012,1,bandstop,250-500Hz,1.0
audioseal,bonafide,E_0000277012,1,bandpass,250-500Hz,0.04627907648682594
audioseal,bonafide,E_0000277012,1,bandstop,500-1kHz,0.9991372227668762
audioseal,bonafide,E_0000277012,1,bandpass,500-1kHz,0.5870031118392944
audioseal,bonafide,E_0000277012,1,bandstop,1k-2kHz,0.5309222340583801
audioseal,bonafide,E_0000277012,1,bandpass,1k-2kHz,0.9717757105827332
audioseal,bonafide,E_0000277012,1,bandstop,2k-4kHz,0.7027078866958618
audioseal,bonafide,E_0000277012,1,bandpass,2k-4kHz,0.22927378118038177
audioseal,bonafide,E_0000277012,1,bandstop,4k-8kHz,1.0
audioseal,bonafide,E_0000277012,1,bandpass,4k-8kHz,0.031371328979730606
audioseal,bonafide,E_0000351484,0,none,unfiltered,0.05659600719809532
audioseal,bonafide,E_0000351484,0,bandstop,0-250Hz,0.33942076563835144
audioseal,bonafide,E_0000351484,0,bandpass,0-250Hz,0.0
audioseal,bonafide,E_0000351484,0,bandstop,250-500Hz,0.2228744477033615
audioseal,bonafide,E_0000351484,0,bandpass,250-500Hz,0.0
audioseal,bonafide,E_0000351484,0,bandstop,500-1kHz,0.04127649590373039
audioseal,bonafide,E_0000351484,0,bandpass,500-1kHz,0.0
audioseal,bonafide,E_0000351484,0,bandstop,1k-2kHz,0.0
audioseal,bonafide,E_0000351484,0,bandpass,1k-2kHz,0.0
audioseal,bonafide,E_0000351484,0,bandstop,2k-4kHz,0.015995031222701073
audioseal,bonafide,E_0000351484,0,bandpass,2k-4kHz,0.0
audioseal,bonafide,E_0000351484,0,bandstop,4k-8kHz,0.09248388558626175
audioseal,bonafide,E_0000351484,0,bandpass,4k-8kHz,0.0
audioseal,bonafide,E_0000351484,1,none,unfiltered,1.0
audioseal,bonafide,E_0000351484,1,bandstop,0-250Hz,1.0
audioseal,bonafide,E_0000351484,1,bandpass,0-250Hz,0.0
audioseal,bonafide,E_0000351484,1,bandstop,250-500Hz,1.0
audioseal,bonafide,E_0000351484,1,bandpass,250-500Hz,0.0030670082196593285
audioseal,bonafide,E_0000351484,1,bandstop,500-1kHz,0.8314310312271118
audioseal,bonafide,E_0000351484,1,bandpass,500-1kHz,0.5038822889328003
audioseal,bonafide,E_0000351484,1,bandstop,1k-2kHz,0.5676294565200806
audioseal,bonafide,E_0000351484,1,bandpass,1k-2kHz,0.9661231637001038
audioseal,bonafide,E_0000351484,1,bandstop,2k-4kHz,0.8965370059013367
audioseal,bonafide,E_0000351484,1,bandpass,2k-4kHz,0.20453451573848724
audioseal,bonafide,E_0000351484,1,bandstop,4k-8kHz,0.9995962381362915
audioseal,bonafide,E_0000351484,1,bandpass,4k-8kHz,0.0
audioseal,bonafide,E_0000421660,0,none,unfiltered,0.006039970088750124
audioseal,bonafide,E_0000421660,0,bandstop,0-250Hz,0.0012062829919159412
audioseal,bonafide,E_0000421660,0,bandpass,0-250Hz,0.0
audioseal,bonafide,E_0000421660,0,bandstop,250-500Hz,0.0003849839267786592
audioseal,bonafide,E_0000421660,0,bandpass,250-500Hz,0.0015313804615288973
audioseal,bonafide,E_0000421660,0,bandstop,500-1kHz,0.0
audioseal,bonafide,E_0000421660,0,bandpass,500-1kHz,0.0
audioseal,bonafide,E_0000421660,0,bandstop,1k-2kHz,0.0
audioseal,bonafide,E_0000421660,0,bandpass,1k-2kHz,0.0019078091718256474
audioseal,bonafide,E_0000421660,0,bandstop,2k-4kHz,0.0
audioseal,bonafide,E_0000421660,0,bandpass,2k-4kHz,0.00781945139169693
audioseal,bonafide,E_0000421660,0,bandstop,4k-8kHz,0.0
audioseal,bonafide,E_0000421660,0,bandpass,4k-8kHz,0.0027889946941286325
audioseal,bonafide,E_0000421660,1,none,unfiltered,1.0
audioseal,bonafide,E_0000421660,1,bandstop,0-250Hz,1.0
audioseal,bonafide,E_0000421660,1,bandpass,0-250Hz,0.0
audioseal,bonafide,E_0000421660,1,bandstop,250-500Hz,1.0
audioseal,bonafide,E_0000421660,1,bandpass,250-500Hz,0.26261892914772034
audioseal,bonafide,E_0000421660,1,bandstop,500-1kHz,0.5484309792518616
audioseal,bonafide,E_0000421660,1,bandpass,500-1kHz,0.46572786569595337
audioseal,bonafide,E_0000421660,1,bandstop,1k-2kHz,0.007254808209836483
audioseal,bonafide,E_0000421660,1,bandpass,1k-2kHz,0.9483351707458496
audioseal,bonafide,E_0000421660,1,bandstop,2k-4kHz,0.9905379414558411
audioseal,bonafide,E_0000421660,1,bandpass,2k-4kHz,0.3112723231315613
audioseal,bonafide,E_0000421660,1,bandstop,4k-8kHz,1.0
audioseal,bonafide,E_0000421660,1,bandpass,4k-8kHz,0.006938265636563301
audioseal,bonafide,E_0000430642,0,none,unfiltered,0.0
audioseal,bonafide,E_0000430642,0,bandstop,0-250Hz,0.00010573581675998867
audioseal,bonafide,E_0000430642,0,bandpass,0-250Hz,0.0
audioseal,bonafide,E_0000430642,0,bandstop,250-500Hz,0.0016353806713595986
audioseal,bonafide,E_0000430642,0,bandpass,250-500Hz,0.0
audioseal,bonafide,E_0000430642,0,bandstop,500-1kHz,0.002255697501823306
audioseal,bonafide,E_0000430642,0,bandpass,500-1kHz,0.0
audioseal,bonafide,E_0000430642,0,bandstop,1k-2kHz,0.0
audioseal,bonafide,E_0000430642,0,bandpass,1k-2kHz,0.0
audioseal,bonafide,E_0000430642,0,bandstop,2k-4kHz,0.011504056863486767
audioseal,bonafide,E_0000430642,0,bandpass,2k-4kHz,0.0008529355982318521
audioseal,bonafide,E_0000430642,0,bandstop,4k-8kHz,0.007450850680470467
audioseal,bonafide,E_0000430642,0,bandpass,4k-8kHz,0.023586135357618332
audioseal,bonafide,E_0000430642,1,none,unfiltered,1.0
audioseal,bonafide,E_0000430642,1,bandstop,0-250Hz,0.9870085716247559
audioseal,bonafide,E_0000430642,1,bandpass,0-250Hz,0.0
audioseal,bonafide,E_0000430642,1,bandstop,250-500Hz,0.9994783997535706
audioseal,bonafide,E_0000430642,1,bandpass,250-500Hz,0.0035950178280472755
audioseal,bonafide,E_0000430642,1,bandstop,500-1kHz,0.9690476059913635
audioseal,bonafide,E_0000430642,1,bandpass,500-1kHz,0.5394500494003296
audioseal,bonafide,E_0000430642,1,bandstop,1k-2kHz,0.05465131998062134
audioseal,bonafide,E_0000430642,1,bandpass,1k-2kHz,0.7914325594902039
audioseal,bonafide,E_0000430642,1,bandstop,2k-4kHz,0.9523554444313049
audioseal,bonafide,E_0000430642,1,bandpass,2k-4kHz,0.28067219257354736
audioseal,bonafide,E_0000430642,1,bandstop,4k-8kHz,1.0
audioseal,bonafide,E_0000430642,1,bandpass,4k-8kHz,0.026955584064126015
audioseal,bonafide,E_0000439319,0,none,unfiltered,0.0014586291508749127
audioseal,bonafide,E_0000439319,0,bandstop,0-250Hz,0.002452562330290675
audioseal,bonafide,E_0000439319,0,bandpass,0-250Hz,0.001955595798790455
audioseal,bonafide,E_0000439319,0,bandstop,250-500Hz,0.014444300904870033
audioseal,bonafide,E_0000439319,0,bandpass,250-500Hz,0.020459532737731934
audioseal,bonafide,E_0000439319,0,bandstop,500-1kHz,0.03504582494497299
audioseal,bonafide,E_0000439319,0,bandpass,500-1kHz,0.0009874789975583553
audioseal,bonafide,E_0000439319,0,bandstop,1k-2kHz,0.00542145362123847
audioseal,bonafide,E_0000439319,0,bandpass,1k-2kHz,0.0
audioseal,bonafide,E_0000439319,0,bandstop,2k-4kHz,0.007183426059782505
audioseal,bonafide,E_0000439319,0,bandpass,2k-4kHz,0.022318316623568535
audioseal,bonafide,E_0000439319,0,bandstop,4k-8kHz,0.006576739251613617
audioseal,bonafide,E_0000439319,0,bandpass,4k-8kHz,0.011184974573552608
audioseal,bonafide,E_0000439319,1,none,unfiltered,1.0
audioseal,bonafide,E_0000439319,1,bandstop,0-250Hz,1.0
audioseal,bonafide,E_0000439319,1,bandpass,0-250Hz,0.03714340925216675
audioseal,bonafide,E_0000439319,1,bandstop,250-500Hz,1.0
audioseal,bonafide,E_0000439319,1,bandpass,250-500Hz,0.02789466828107834
audioseal,bonafide,E_0000439319,1,bandstop,500-1kHz,0.8263521194458008
audioseal,bonafide,E_0000439319,1,bandpass,500-1kHz,0.5624048113822937
audioseal,bonafide,E_0000439319,1,bandstop,1k-2kHz,0.4002646207809448
audioseal,bonafide,E_0000439319,1,bandpass,1k-2kHz,0.9434426426887512
audioseal,bonafide,E_0000439319,1,bandstop,2k-4kHz,0.9371627569198608
audioseal,bonafide,E_0000439319,1,bandpass,2k-4kHz,0.2994901239871979
audioseal,bonafide,E_0000439319,1,bandstop,4k-8kHz,1.0
audioseal,bonafide,E_0000439319,1,bandpass,4k-8kHz,0.0025300115812569857
audioseal,bonafide,E_0000485164,0,none,unfiltered,0.0
audioseal,bonafide,E_0000485164,0,bandstop,0-250Hz,0.0
audioseal,bonafide,E_0000485164,0,bandpass,0-250Hz,0.0
audioseal,bonafide,E_0000485164,0,bandstop,250-500Hz,0.0
audioseal,bonafide,E_0000485164,0,bandpass,250-500Hz,0.0
audioseal,bonafide,E_0000485164,0,bandstop,500-1kHz,0.0
audioseal,bonafide,E_0000485164,0,bandpass,500-1kHz,0.0
audioseal,bonafide,E_0000485164,0,bandstop,1k-2kHz,0.0
audioseal,bonafide,E_0000485164,0,bandpass,1k-2kHz,0.0
audioseal,bonafide,E_0000485164,0,bandstop,2k-4kHz,0.0
audioseal,bonafide,E_0000485164,0,bandpass,2k-4kHz,0.0
audioseal,bonafide,E_0000485164,0,bandstop,4k-8kHz,0.0
audioseal,bonafide,E_0000485164,0,bandpass,4k-8kHz,0.0
audioseal,bonafide,E_0000485164,1,none,unfiltered,1.0
audioseal,bonafide,E_0000485164,1,bandstop,0-250Hz,1.0
audioseal,bonafide,E_0000485164,1,bandpass,0-250Hz,0.0
audioseal,bonafide,E_0000485164,1,bandstop,250-500Hz,1.0
audioseal,bonafide,E_0000485164,1,bandpass,250-500Hz,0.007337536662817001
audioseal,bonafide,E_0000485164,1,bandstop,500-1kHz,0.7041100263595581
audioseal,bonafide,E_0000485164,1,bandpass,500-1kHz,0.4640865623950958
audioseal,bonafide,E_0000485164,1,bandstop,1k-2kHz,0.0
audioseal,bonafide,E_0000485164,1,bandpass,1k-2kHz,0.9461475610733032
audioseal,bonafide,E_0000485164,1,bandstop,2k-4kHz,0.9315332174301147
audioseal,bonafide,E_0000485164,1,bandpass,2k-4kHz,0.21259626746177673
audioseal,bonafide,E_0000485164,1,bandstop,4k-8kHz,1.0
audioseal,bonafide,E_0000485164,1,bandpass,4k-8kHz,0.0
audioseal,bonafide,E_0000551472,0,none,unfiltered,0.0
audioseal,bonafide,E_0000551472,0,bandstop,0-250Hz,0.0
audioseal,bonafide,E_0000551472,0,bandpass,0-250Hz,0.0
audioseal,bonafide,E_0000551472,0,bandstop,250-500Hz,0.0033016358502209187
audioseal,bonafide,E_0000551472,0,bandpass,250-500Hz,0.0
audioseal,bonafide,E_0000551472,0,bandstop,500-1kHz,0.012169665656983852
audioseal,bonafide,E_0000551472,0,bandpass,500-1kHz,0.0
audioseal,bonafide,E_0000551472,0,bandstop,1k-2kHz,0.0
audioseal,bonafide,E_0000551472,0,bandpass,1k-2kHz,0.0
audioseal,bonafide,E_0000551472,0,bandstop,2k-4kHz,0.0
audioseal,bonafide,E_0000551472,0,bandpass,2k-4kHz,0.0
audioseal,bonafide,E_0000551472,0,bandstop,4k-8kHz,0.0
audioseal,bonafide,E_0000551472,0,bandpass,4k-8kHz,0.0
audioseal,bonafide,E_0000551472,1,none,unfiltered,1.0
audioseal,bonafide,E_0000551472,1,bandstop,0-250Hz,1.0
audioseal,bonafide,E_0000551472,1,bandpass,0-250Hz,0.0
audioseal,bonafide,E_0000551472,1,bandstop,250-500Hz,1.0
audioseal,bonafide,E_0000551472,1,bandpass,250-500Hz,0.0
audioseal,bonafide,E_0000551472,1,bandstop,500-1kHz,0.7063044905662537
audioseal,bonafide,E_0000551472,1,bandpass,500-1kHz,0.3380083739757538
audioseal,bonafide,E_0000551472,1,bandstop,1k-2kHz,0.14143826067447662
audioseal,bonafide,E_0000551472,1,bandpass,1k-2kHz,0.6039401292800903
audioseal,bonafide,E_0000551472,1,bandstop,2k-4kHz,0.9804357886314392
audioseal,bonafide,E_0000551472,1,bandpass,2k-4kHz,0.0
audioseal,bonafide,E_0000551472,1,bandstop,4k-8kHz,0.9998908638954163
audioseal,bonafide,E_0000551472,1,bandpass,4k-8kHz,0.0
audioseal,bonafide,E_0000627064,0,none,unfiltered,0.0
audioseal,bonafide,E_0000627064,0,bandstop,0-250Hz,0.0
audioseal,bonafide,E_0000627064,0,bandpass,0-250Hz,0.0
audioseal,bonafide,E_0000627064,0,bandstop,250-500Hz,0.0
audioseal,bonafide,E_0000627064,0,bandpass,250-500Hz,0.0
audioseal,bonafide,E_0000627064,0,bandstop,500-1kHz,0.0
audioseal,bonafide,E_0000627064,0,bandpass,500-1kHz,0.0
audioseal,bonafide,E_0000627064,0,bandstop,1k-2kHz,0.0
audioseal,bonafide,E_0000627064,0,bandpass,1k-2kHz,0.0
audioseal,bonafide,E_0000627064,0,bandstop,2k-4kHz,0.0
audioseal,bonafide,E_0000627064,0,bandpass,2k-4kHz,0.004609675146639347
audioseal,bonafide,E_0000627064,0,bandstop,4k-8kHz,0.0
audioseal,bonafide,E_0000627064,0,bandpass,4k-8kHz,0.0
audioseal,bonafide,E_0000627064,1,none,unfiltered,1.0
audioseal,bonafide,E_0000627064,1,bandstop,0-250Hz,1.0
audioseal,bonafide,E_0000627064,1,bandpass,0-250Hz,0.0
audioseal,bonafide,E_0000627064,1,bandstop,250-500Hz,1.0
audioseal,bonafide,E_0000627064,1,bandpass,250-500Hz,0.0
audioseal,bonafide,E_0000627064,1,bandstop,500-1kHz,0.9281073212623596
audioseal,bonafide,E_0000627064,1,bandpass,500-1kHz,0.4531024098396301
audioseal,bonafide,E_0000627064,1,bandstop,1k-2kHz,0.07845562696456909
audioseal,bonafide,E_0000627064,1,bandpass,1k-2kHz,0.5864965319633484
audioseal,bonafide,E_0000627064,1,bandstop,2k-4kHz,1.0
audioseal,bonafide,E_0000627064,1,bandpass,2k-4kHz,0.039690084755420685
audioseal,bonafide,E_0000627064,1,bandstop,4k-8kHz,1.0
audioseal,bonafide,E_0000627064,1,bandpass,4k-8kHz,0.0
audioseal,bonafide,E_0000657716,0,none,unfiltered,0.0032143695279955864
audioseal,bonafide,E_0000657716,0,bandstop,0-250Hz,0.04140052571892738
audioseal,bonafide,E_0000657716,0,bandpass,0-250Hz,0.0
audioseal,bonafide,E_0000657716,0,bandstop,250-500Hz,0.0443044975399971
audioseal,bonafide,E_0000657716,0,bandpass,250-500Hz,0.03390263020992279
audioseal,bonafide,E_0000657716,0,bandstop,500-1kHz,0.062300827354192734
audioseal,bonafide,E_0000657716,0,bandpass,500-1kHz,0.0
audioseal,bonafide,E_0000657716,0,bandstop,1k-2kHz,0.008284243755042553
audioseal,bonafide,E_0000657716,0,bandpass,1k-2kHz,0.0
audioseal,bonafide,E_0000657716,0,bandstop,2k-4kHz,0.007228882517665625
audioseal,bonafide,E_0000657716,0,bandpass,2k-4kHz,0.019451763480901718
audioseal,bonafide,E_0000657716,0,bandstop,4k-8kHz,0.02547353319823742
audioseal,bonafide,E_0000657716,0,bandpass,4k-8kHz,0.07389600574970245
audioseal,bonafide,E_0000657716,1,none,unfiltered,1.0
audioseal,bonafide,E_0000657716,1,bandstop,0-250Hz,1.0
audioseal,bonafide,E_0000657716,1,bandpass,0-250Hz,0.0
audioseal,bonafide,E_0000657716,1,bandstop,250-500Hz,1.0
audioseal,bonafide,E_0000657716,1,bandpass,250-500Hz,0.17174804210662842
audioseal,bonafide,E_0000657716,1,bandstop,500-1kHz,0.5319643616676331
audioseal,bonafide,E_0000657716,1,bandpass,500-1kHz,0.4041138291358948
audioseal,bonafide,E_0000657716,1,bandstop,1k-2kHz,0.06405976414680481
audioseal,bonafide,E_0000657716,1,bandpass,1k-2kHz,0.8272587060928345
audioseal,bonafide,E_0000657716,1,bandstop,2k-4kHz,0.822637140750885
audioseal,bonafide,E_0000657716,1,bandpass,2k-4kHz,0.43763020634651184
audioseal,bonafide,E_0000657716,1,bandstop,4k-8kHz,0.9985583424568176
audioseal,bonafide,E_0000657716,1,bandpass,4k-8kHz,0.11473781615495682
audioseal,spoofed,E_0000014603,0,none,unfiltered,0.0
audioseal,spoofed,E_0000014603,0,bandstop,0-250Hz,0.0
audioseal,spoofed,E_0000014603,0,bandpass,0-250Hz,0.0
audioseal,spoofed,E_0000014603,0,bandstop,250-500Hz,0.0
audioseal,spoofed,E_0000014603,0,bandpass,250-500Hz,0.0
audioseal,spoofed,E_0000014603,0,bandstop,500-1kHz,0.0
audioseal,spoofed,E_0000014603,0,bandpass,500-1kHz,0.0
audioseal,spoofed,E_0000014603,0,bandstop,1k-2kHz,0.0
audioseal,spoofed,E_0000014603,0,bandpass,1k-2kHz,0.0
audioseal,spoofed,E_0000014603,0,bandstop,2k-4kHz,0.0
audioseal,spoofed,E_0000014603,0,bandpass,2k-4kHz,0.005965850781649351
audioseal,spoofed,E_0000014603,0,bandstop,4k-8kHz,0.0
audioseal,spoofed,E_0000014603,0,bandpass,4k-8kHz,0.006624151486903429
audioseal,spoofed,E_0000014603,1,none,unfiltered,1.0
audioseal,spoofed,E_0000014603,1,bandstop,0-250Hz,1.0
audioseal,spoofed,E_0000014603,1,bandpass,0-250Hz,0.0
audioseal,spoofed,E_0000014603,1,bandstop,250-500Hz,1.0
audioseal,spoofed,E_0000014603,1,bandpass,250-500Hz,0.0
audioseal,spoofed,E_0000014603,1,bandstop,500-1kHz,0.9498182535171509
audioseal,spoofed,E_0000014603,1,bandpass,500-1kHz,0.022121649235486984
audioseal,spoofed,E_0000014603,1,bandstop,1k-2kHz,0.13264760375022888
audioseal,spoofed,E_0000014603,1,bandpass,1k-2kHz,0.9907289147377014
audioseal,spoofed,E_0000014603,1,bandstop,2k-4kHz,0.9236782789230347
audioseal,spoofed,E_0000014603,1,bandpass,2k-4kHz,0.05813618749380112
audioseal,spoofed,E_0000014603,1,bandstop,4k-8kHz,1.0
audioseal,spoofed,E_0000014603,1,bandpass,4k-8kHz,0.06344373524188995
audioseal,spoofed,E_0000037116,0,none,unfiltered,0.008640406653285027
audioseal,spoofed,E_0000037116,0,bandstop,0-250Hz,0.0
audioseal,spoofed,E_0000037116,0,bandpass,0-250Hz,0.0
audioseal,spoofed,E_0000037116,0,bandstop,250-500Hz,0.008393538184463978
audioseal,spoofed,E_0000037116,0,bandpass,250-500Hz,0.07005263864994049
audioseal,spoofed,E_0000037116,0,bandstop,500-1kHz,0.00016699945263098925
audioseal,spoofed,E_0000037116,0,bandpass,500-1kHz,0.0
audioseal,spoofed,E_0000037116,0,bandstop,1k-2kHz,0.0
audioseal,spoofed,E_0000037116,0,bandpass,1k-2kHz,0.005046288017183542
audioseal,spoofed,E_0000037116,0,bandstop,2k-4kHz,0.007464149501174688
audioseal,spoofed,E_0000037116,0,bandpass,2k-4kHz,0.01623525097966194
audioseal,spoofed,E_0000037116,0,bandstop,4k-8kHz,0.0
audioseal,spoofed,E_0000037116,0,bandpass,4k-8kHz,0.06274823099374771
audioseal,spoofed,E_0000037116,1,none,unfiltered,1.0
audioseal,spoofed,E_0000037116,1,bandstop,0-250Hz,0.9992231130599976
audioseal,spoofed,E_0000037116,1,bandpass,0-250Hz,0.0006171719287522137
audioseal,spoofed,E_0000037116,1,bandstop,250-500Hz,0.9964131712913513
audioseal,spoofed,E_0000037116,1,bandpass,250-500Hz,0.13293883204460144
audioseal,spoofed,E_0000037116,1,bandstop,500-1kHz,0.7449918389320374
audioseal,spoofed,E_0000037116,1,bandpass,500-1kHz,0.4603521525859833
audioseal,spoofed,E_0000037116,1,bandstop,1k-2kHz,0.6569395661354065
audioseal,spoofed,E_0000037116,1,bandpass,1k-2kHz,0.7164494395256042
audioseal,spoofed,E_0000037116,1,bandstop,2k-4kHz,0.8871882557868958
audioseal,spoofed,E_0000037116,1,bandpass,2k-4kHz,0.3316391408443451
audioseal,spoofed,E_0000037116,1,bandstop,4k-8kHz,0.9696061015129089
audioseal,spoofed,E_0000037116,1,bandpass,4k-8kHz,0.07893991470336914
audioseal,spoofed,E_0000109302,0,none,unfiltered,0.0017527906456962228
audioseal,spoofed,E_0000109302,0,bandstop,0-250Hz,0.004750985186547041
audioseal,spoofed,E_0000109302,0,bandpass,0-250Hz,0.0
audioseal,spoofed,E_0000109302,0,bandstop,250-500Hz,0.006332450546324253
audioseal,spoofed,E_0000109302,0,bandpass,250-500Hz,0.03133277967572212
audioseal,spoofed,E_0000109302,0,bandstop,500-1kHz,0.012612185440957546
audioseal,spoofed,E_0000109302,0,bandpass,500-1kHz,0.0006391755305230618
audioseal,spoofed,E_0000109302,0,bandstop,1k-2kHz,0.0035121706314384937
audioseal,spoofed,E_0000109302,0,bandpass,1k-2kHz,0.0002569881035014987
audioseal,spoofed,E_0000109302,0,bandstop,2k-4kHz,0.006615796126425266
audioseal,spoofed,E_0000109302,0,bandpass,2k-4kHz,0.02471698448061943
audioseal,spoofed,E_0000109302,0,bandstop,4k-8kHz,0.0026423647068440914
audioseal,spoofed,E_0000109302,0,bandpass,4k-8kHz,0.0116764847189188
audioseal,spoofed,E_0000109302,1,none,unfiltered,1.0
audioseal,spoofed,E_0000109302,1,bandstop,0-250Hz,1.0
audioseal,spoofed,E_0000109302,1,bandpass,0-250Hz,0.0
audioseal,spoofed,E_0000109302,1,bandstop,250-500Hz,0.9996969103813171
audioseal,spoofed,E_0000109302,1,bandpass,250-500Hz,0.006661922205239534
audioseal,spoofed,E_0000109302,1,bandstop,500-1kHz,0.5386931896209717
audioseal,spoofed,E_0000109302,1,bandpass,500-1kHz,0.49633628129959106
audioseal,spoofed,E_0000109302,1,bandstop,1k-2kHz,0.0006787121528759599
audioseal,spoofed,E_0000109302,1,bandpass,1k-2kHz,0.6908762454986572
audioseal,spoofed,E_0000109302,1,bandstop,2k-4kHz,0.7296023964881897
audioseal,spoofed,E_0000109302,1,bandpass,2k-4kHz,0.4933842122554779
audioseal,spoofed,E_0000109302,1,bandstop,4k-8kHz,0.9975223541259766
audioseal,spoofed,E_0000109302,1,bandpass,4k-8kHz,0.006675101350992918
audioseal,spoofed,E_0000168096,0,none,unfiltered,0.009829084388911724
audioseal,spoofed,E_0000168096,0,bandstop,0-250Hz,0.0
audioseal,spoofed,E_0000168096,0,bandpass,0-250Hz,0.0
audioseal,spoofed,E_0000168096,0,bandstop,250-500Hz,0.0
audioseal,spoofed,E_0000168096,0,bandpass,250-500Hz,0.0
audioseal,spoofed,E_0000168096,0,bandstop,500-1kHz,0.0
audioseal,spoofed,E_0000168096,0,bandpass,500-1kHz,0.008475293405354023
audioseal,spoofed,E_0000168096,0,bandstop,1k-2kHz,0.0
audioseal,spoofed,E_0000168096,0,bandpass,1k-2kHz,0.0
audioseal,spoofed,E_0000168096,0,bandstop,2k-4kHz,0.0
audioseal,spoofed,E_0000168096,0,bandpass,2k-4kHz,0.0027075812686234713
audioseal,spoofed,E_0000168096,0,bandstop,4k-8kHz,0.0
audioseal,spoofed,E_0000168096,0,bandpass,4k-8kHz,0.01269178744405508
audioseal,spoofed,E_0000168096,1,none,unfiltered,1.0
audioseal,spoofed,E_0000168096,1,bandstop,0-250Hz,1.0
audioseal,spoofed,E_0000168096,1,bandpass,0-250Hz,0.0
audioseal,spoofed,E_0000168096,1,bandstop,250-500Hz,1.0
audioseal,spoofed,E_0000168096,1,bandpass,250-500Hz,0.0
audioseal,spoofed,E_0000168096,1,bandstop,500-1kHz,0.7104862332344055
audioseal,spoofed,E_0000168096,1,bandpass,500-1kHz,0.4417870044708252
audioseal,spoofed,E_0000168096,1,bandstop,1k-2kHz,0.0
audioseal,spoofed,E_0000168096,1,bandpass,1k-2kHz,0.6632304787635803
audioseal,spoofed,E_0000168096,1,bandstop,2k-4kHz,0.9816392064094543
audioseal,spoofed,E_0000168096,1,bandpass,2k-4kHz,0.2647506892681122
audioseal,spoofed,E_0000168096,1,bandstop,4k-8kHz,1.0
audioseal,spoofed,E_0000168096,1,bandpass,4k-8kHz,0.055082354694604874
audioseal,spoofed,E_0000181548,0,none,unfiltered,0.0
audioseal,spoofed,E_0000181548,0,bandstop,0-250Hz,0.0
audioseal,spoofed,E_0000181548,0,bandpass,0-250Hz,0.0
audioseal,spoofed,E_0000181548,0,bandstop,250-500Hz,0.0
audioseal,spoofed,E_0000181548,0,bandpass,250-500Hz,0.0
audioseal,spoofed,E_0000181548,0,bandstop,500-1kHz,0.0
audioseal,spoofed,E_0000181548,0,bandpass,500-1kHz,0.0
audioseal,spoofed,E_0000181548,0,bandstop,1k-2kHz,0.0
audioseal,spoofed,E_0000181548,0,bandpass,1k-2kHz,0.0
audioseal,spoofed,E_0000181548,0,bandstop,2k-4kHz,0.0
audioseal,spoofed,E_0000181548,0,bandpass,2k-4kHz,0.009831092320382595
audioseal,spoofed,E_0000181548,0,bandstop,4k-8kHz,0.0
audioseal,spoofed,E_0000181548,0,bandpass,4k-8kHz,0.0
audioseal,spoofed,E_0000181548,1,none,unfiltered,1.0
audioseal,spoofed,E_0000181548,1,bandstop,0-250Hz,1.0
audioseal,spoofed,E_0000181548,1,bandpass,0-250Hz,0.0
audioseal,spoofed,E_0000181548,1,bandstop,250-500Hz,1.0
audioseal,spoofed,E_0000181548,1,bandpass,250-500Hz,0.0
audioseal,spoofed,E_0000181548,1,bandstop,500-1kHz,0.9993727803230286
audioseal,spoofed,E_0000181548,1,bandpass,500-1kHz,0.5318124890327454
audioseal,spoofed,E_0000181548,1,bandstop,1k-2kHz,0.04194258898496628
audioseal,spoofed,E_0000181548,1,bandpass,1k-2kHz,0.7674888372421265
audioseal,spoofed,E_0000181548,1,bandstop,2k-4kHz,0.9995697140693665
audioseal,spoofed,E_0000181548,1,bandpass,2k-4kHz,0.00372677156701684
audioseal,spoofed,E_0000181548,1,bandstop,4k-8kHz,0.9999051690101624
audioseal,spoofed,E_0000181548,1,bandpass,4k-8kHz,0.0
audioseal,spoofed,E_0000202886,0,none,unfiltered,0.0006379955448210239
audioseal,spoofed,E_0000202886,0,bandstop,0-250Hz,0.0
audioseal,spoofed,E_0000202886,0,bandpass,0-250Hz,8.699938916834071e-05
audioseal,spoofed,E_0000202886,0,bandstop,250-500Hz,0.0
audioseal,spoofed,E_0000202886,0,bandpass,250-500Hz,0.0
audioseal,spoofed,E_0000202886,0,bandstop,500-1kHz,0.0
audioseal,spoofed,E_0000202886,0,bandpass,500-1kHz,0.0
audioseal,spoofed,E_0000202886,0,bandstop,1k-2kHz,0.0
audioseal,spoofed,E_0000202886,0,bandpass,1k-2kHz,0.0
audioseal,spoofed,E_0000202886,0,bandstop,2k-4kHz,0.00023924832930788398
audioseal,spoofed,E_0000202886,0,bandpass,2k-4kHz,0.02293158881366253
audioseal,spoofed,E_0000202886,0,bandstop,4k-8kHz,0.0
audioseal,spoofed,E_0000202886,0,bandpass,4k-8kHz,0.002965229330584407
audioseal,spoofed,E_0000202886,1,none,unfiltered,1.0
audioseal,spoofed,E_0000202886,1,bandstop,0-250Hz,1.0
audioseal,spoofed,E_0000202886,1,bandpass,0-250Hz,0.0
audioseal,spoofed,E_0000202886,1,bandstop,250-500Hz,1.0
audioseal,spoofed,E_0000202886,1,bandpass,250-500Hz,0.001616738736629486
audioseal,spoofed,E_0000202886,1,bandstop,500-1kHz,0.6468694806098938
audioseal,spoofed,E_0000202886,1,bandpass,500-1kHz,0.4080778956413269
audioseal,spoofed,E_0000202886,1,bandstop,1k-2kHz,0.000964243256021291
audioseal,spoofed,E_0000202886,1,bandpass,1k-2kHz,0.6748325228691101
audioseal,spoofed,E_0000202886,1,bandstop,2k-4kHz,0.9044601917266846
audioseal,spoofed,E_0000202886,1,bandpass,2k-4kHz,0.31480729579925537
audioseal,spoofed,E_0000202886,1,bandstop,4k-8kHz,1.0
audioseal,spoofed,E_0000202886,1,bandpass,4k-8kHz,0.0017834875034168363
audioseal,spoofed,E_0000227295,0,none,unfiltered,0.009183792397379875
audioseal,spoofed,E_0000227295,0,bandstop,0-250Hz,0.03327666223049164
audioseal,spoofed,E_0000227295,0,bandpass,0-250Hz,0.0
audioseal,spoofed,E_0000227295,0,bandstop,250-500Hz,0.003083487506955862
audioseal,spoofed,E_0000227295,0,bandpass,250-500Hz,0.0019667649175971746
audioseal,spoofed,E_0000227295,0,bandstop,500-1kHz,0.0
audioseal,spoofed,E_0000227295,0,bandpass,500-1kHz,0.0
audioseal,spoofed,E_0000227295,0,bandstop,1k-2kHz,0.0
audioseal,spoofed,E_0000227295,0,bandpass,1k-2kHz,0.0
audioseal,spoofed,E_0000227295,0,bandstop,2k-4kHz,0.0036835174541920424
audioseal,spoofed,E_0000227295,0,bandpass,2k-4kHz,0.020759372040629387
audioseal,spoofed,E_0000227295,0,bandstop,4k-8kHz,0.0012167275417596102
audioseal,spoofed,E_0000227295,0,bandpass,4k-8kHz,0.0013500675559043884
audioseal,spoofed,E_0000227295,1,none,unfiltered,1.0
audioseal,spoofed,E_0000227295,1,bandstop,0-250Hz,1.0
audioseal,spoofed,E_0000227295,1,bandpass,0-250Hz,0.0
audioseal,spoofed,E_0000227295,1,bandstop,250-500Hz,1.0
audioseal,spoofed,E_0000227295,1,bandpass,250-500Hz,0.003608513856306672
audioseal,spoofed,E_0000227295,1,bandstop,500-1kHz,0.618314266204834
audioseal,spoofed,E_0000227295,1,bandpass,500-1kHz,0.4179958999156952
audioseal,spoofed,E_0000227295,1,bandstop,1k-2kHz,0.01046719029545784
audioseal,spoofed,E_0000227295,1,bandpass,1k-2kHz,0.6783422231674194
audioseal,spoofed,E_0000227295,1,bandstop,2k-4kHz,0.9394969940185547
audioseal,spoofed,E_0000227295,1,bandpass,2k-4kHz,0.22865310311317444
audioseal,spoofed,E_0000227295,1,bandstop,4k-8kHz,1.0
audioseal,spoofed,E_0000227295,1,bandpass,4k-8kHz,0.0025751288048923016
audioseal,spoofed,E_0000243667,0,none,unfiltered,0.000578921870328486
audioseal,spoofed,E_0000243667,0,bandstop,0-250Hz,0.0035677743144333363
audioseal,spoofed,E_0000243667,0,bandpass,0-250Hz,0.0
audioseal,spoofed,E_0000243667,0,bandstop,250-500Hz,0.08228768408298492
audioseal,spoofed,E_0000243667,0,bandpass,250-500Hz,0.0
audioseal,spoofed,E_0000243667,0,bandstop,500-1kHz,0.0
audioseal,spoofed,E_0000243667,0,bandpass,500-1kHz,0.0
audioseal,spoofed,E_0000243667,0,bandstop,1k-2kHz,0.0
audioseal,spoofed,E_0000243667,0,bandpass,1k-2kHz,0.0
audioseal,spoofed,E_0000243667,0,bandstop,2k-4kHz,0.0
audioseal,spoofed,E_0000243667,0,bandpass,2k-4kHz,0.0
audioseal,spoofed,E_0000243667,0,bandstop,4k-8kHz,0.0015617427416145802
audioseal,spoofed,E_0000243667,0,bandpass,4k-8kHz,0.0
audioseal,spoofed,E_0000243667,1,none,unfiltered,1.0
audioseal,spoofed,E_0000243667,1,bandstop,0-250Hz,1.0
audioseal,spoofed,E_0000243667,1,bandpass,0-250Hz,0.0
audioseal,spoofed,E_0000243667,1,bandstop,250-500Hz,1.0
audioseal,spoofed,E_0000243667,1,bandpass,250-500Hz,0.0
audioseal,spoofed,E_0000243667,1,bandstop,500-1kHz,0.5100436210632324
audioseal,spoofed,E_0000243667,1,bandpass,500-1kHz,0.5474042892456055
audioseal,spoofed,E_0000243667,1,bandstop,1k-2kHz,0.645928680896759
audioseal,spoofed,E_0000243667,1,bandpass,1k-2kHz,0.5432575941085815
audioseal,spoofed,E_0000243667,1,bandstop,2k-4kHz,0.8740777373313904
audioseal,spoofed,E_0000243667,1,bandpass,2k-4kHz,0.0662798210978508
audioseal,spoofed,E_0000243667,1,bandstop,4k-8kHz,1.0
audioseal,spoofed,E_0000243667,1,bandpass,4k-8kHz,0.0
audioseal,spoofed,E_0000292439,0,none,unfiltered,0.002905260305851698
audioseal,spoofed,E_0000292439,0,bandstop,0-250Hz,0.005857488140463829
audioseal,spoofed,E_0000292439,0,bandpass,0-250Hz,0.0
audioseal,spoofed,E_0000292439,0,bandstop,250-500Hz,0.00044283413444645703
audioseal,spoofed,E_0000292439,0,bandpass,250-500Hz,0.0
audioseal,spoofed,E_0000292439,0,bandstop,500-1kHz,0.00012077294377377257
audioseal,spoofed,E_0000292439,0,bandpass,500-1kHz,0.0
audioseal,spoofed,E_0000292439,0,bandstop,1k-2kHz,0.0
audioseal,spoofed,E_0000292439,0,bandpass,1k-2kHz,0.0
audioseal,spoofed,E_0000292439,0,bandstop,2k-4kHz,0.0
audioseal,spoofed,E_0000292439,0,bandpass,2k-4kHz,0.0
audioseal,spoofed,E_0000292439,0,bandstop,4k-8kHz,0.000577026279643178
audioseal,spoofed,E_0000292439,0,bandpass,4k-8kHz,0.004092860966920853
audioseal,spoofed,E_0000292439,1,none,unfiltered,1.0
audioseal,spoofed,E_0000292439,1,bandstop,0-250Hz,1.0
audioseal,spoofed,E_0000292439,1,bandpass,0-250Hz,0.0
audioseal,spoofed,E_0000292439,1,bandstop,250-500Hz,1.0
audioseal,spoofed,E_0000292439,1,bandpass,250-500Hz,0.0859500840306282
audioseal,spoofed,E_0000292439,1,bandstop,500-1kHz,0.6400966048240662
audioseal,spoofed,E_0000292439,1,bandpass,500-1kHz,0.5517445206642151
audioseal,spoofed,E_0000292439,1,bandstop,1k-2kHz,0.02220209315419197
audioseal,spoofed,E_0000292439,1,bandpass,1k-2kHz,0.9413110613822937
audioseal,spoofed,E_0000292439,1,bandstop,2k-4kHz,0.885654866695404
audioseal,spoofed,E_0000292439,1,bandpass,2k-4kHz,0.41275495290756226
audioseal,spoofed,E_0000292439,1,bandstop,4k-8kHz,0.945840060710907
audioseal,spoofed,E_0000292439,1,bandpass,4k-8kHz,0.005676328670233488
audioseal,spoofed,E_0000302173,0,none,unfiltered,0.0
audioseal,spoofed,E_0000302173,0,bandstop,0-250Hz,0.0005392150487750769
audioseal,spoofed,E_0000302173,0,bandpass,0-250Hz,0.013576664961874485
audioseal,spoofed,E_0000302173,0,bandstop,250-500Hz,0.0
audioseal,spoofed,E_0000302173,0,bandpass,250-500Hz,0.010578885674476624
audioseal,spoofed,E_0000302173,0,bandstop,500-1kHz,0.0
audioseal,spoofed,E_0000302173,0,bandpass,500-1kHz,0.0
audioseal,spoofed,E_0000302173,0,bandstop,1k-2kHz,0.0019193488406017423
audioseal,spoofed,E_0000302173,0,bandpass,1k-2kHz,0.00047502279630862176
audioseal,spoofed,E_0000302173,0,bandstop,2k-4kHz,0.00019899602921213955
audioseal,spoofed,E_0000302173,0,bandpass,2k-4kHz,0.0
audioseal,spoofed,E_0000302173,0,bandstop,4k-8kHz,0.0
audioseal,spoofed,E_0000302173,0,bandpass,4k-8kHz,0.05940352380275726
audioseal,spoofed,E_0000302173,1,none,unfiltered,1.0
audioseal,spoofed,E_0000302173,1,bandstop,0-250Hz,1.0
audioseal,spoofed,E_0000302173,1,bandpass,0-250Hz,0.03708387538790703
audioseal,spoofed,E_0000302173,1,bandstop,250-500Hz,1.0
audioseal,spoofed,E_0000302173,1,bandpass,250-500Hz,0.045204196125268936
audioseal,spoofed,E_0000302173,1,bandstop,500-1kHz,0.6616553664207458
audioseal,spoofed,E_0000302173,1,bandpass,500-1kHz,0.4388183355331421
audioseal,spoofed,E_0000302173,1,bandstop,1k-2kHz,0.21866454184055328
audioseal,spoofed,E_0000302173,1,bandpass,1k-2kHz,0.7906433343887329
audioseal,spoofed,E_0000302173,1,bandstop,2k-4kHz,0.977872908115387
audioseal,spoofed,E_0000302173,1,bandpass,2k-4kHz,0.24160043895244598
audioseal,spoofed,E_0000302173,1,bandstop,4k-8kHz,0.9890552163124084
audioseal,spoofed,E_0000302173,1,bandpass,4k-8kHz,0.042283445596694946
audioseal,spoofed,E_0000382391,0,none,unfiltered,0.089911088347435
audioseal,spoofed,E_0000382391,0,bandstop,0-250Hz,0.08011221885681152
audioseal,spoofed,E_0000382391,0,bandpass,0-250Hz,0.0
audioseal,spoofed,E_0000382391,0,bandstop,250-500Hz,0.035034697502851486
audioseal,spoofed,E_0000382391,0,bandpass,250-500Hz,0.0
audioseal,spoofed,E_0000382391,0,bandstop,500-1kHz,0.03709476441144943
audioseal,spoofed,E_0000382391,0,bandpass,500-1kHz,0.008701073005795479
audioseal,spoofed,E_0000382391,0,bandstop,1k-2kHz,0.0
audioseal,spoofed,E_0000382391,0,bandpass,1k-2kHz,0.0
audioseal,spoofed,E_0000382391,0,bandstop,2k-4kHz,0.21099425852298737
audioseal,spoofed,E_0000382391,0,bandpass,2k-4kHz,0.0009622682700864971
audioseal,spoofed,E_0000382391,0,bandstop,4k-8kHz,0.13985416293144226
audioseal,spoofed,E_0000382391,0,bandpass,4k-8kHz,0.07170931249856949
audioseal,spoofed,E_0000382391,1,none,unfiltered,1.0
audioseal,spoofed,E_0000382391,1,bandstop,0-250Hz,1.0
audioseal,spoofed,E_0000382391,1,bandpass,0-250Hz,0.0
audioseal,spoofed,E_0000382391,1,bandstop,250-500Hz,1.0
audioseal,spoofed,E_0000382391,1,bandpass,250-500Hz,0.0
audioseal,spoofed,E_0000382391,1,bandstop,500-1kHz,0.8948416709899902
audioseal,spoofed,E_0000382391,1,bandpass,500-1kHz,0.46993929147720337
audioseal,spoofed,E_0000382391,1,bandstop,1k-2kHz,0.4164859652519226
audioseal,spoofed,E_0000382391,1,bandpass,1k-2kHz,0.9843055605888367
audioseal,spoofed,E_0000382391,1,bandstop,2k-4kHz,0.975075900554657
audioseal,spoofed,E_0000382391,1,bandpass,2k-4kHz,0.36108100414276123
audioseal,spoofed,E_0000382391,1,bandstop,4k-8kHz,1.0
audioseal,spoofed,E_0000382391,1,bandpass,4k-8kHz,0.00010842458868864924
audioseal,spoofed,E_0000418142,0,none,unfiltered,0.00555279990658164
audioseal,spoofed,E_0000418142,0,bandstop,0-250Hz,0.006467530503869057
audioseal,spoofed,E_0000418142,0,bandpass,0-250Hz,0.008400059305131435
audioseal,spoofed,E_0000418142,0,bandstop,250-500Hz,0.018352583050727844
audioseal,spoofed,E_0000418142,0,bandpass,250-500Hz,0.006738084368407726
audioseal,spoofed,E_0000418142,0,bandstop,500-1kHz,0.014352248050272465
audioseal,spoofed,E_0000418142,0,bandpass,500-1kHz,0.0
audioseal,spoofed,E_0000418142,0,bandstop,1k-2kHz,0.0019196454668417573
audioseal,spoofed,E_0000418142,0,bandpass,1k-2kHz,0.0
audioseal,spoofed,E_0000418142,0,bandstop,2k-4kHz,0.0074595618061721325
audioseal,spoofed,E_0000418142,0,bandpass,2k-4kHz,0.05786636099219322
audioseal,spoofed,E_0000418142,0,bandstop,4k-8kHz,0.009089328348636627
audioseal,spoofed,E_0000418142,0,bandpass,4k-8kHz,0.0
audioseal,spoofed,E_0000418142,1,none,unfiltered,1.0
audioseal,spoofed,E_0000418142,1,bandstop,0-250Hz,1.0
audioseal,spoofed,E_0000418142,1,bandpass,0-250Hz,0.004876414779573679
audioseal,spoofed,E_0000418142,1,bandstop,250-500Hz,0.999201238155365
audioseal,spoofed,E_0000418142,1,bandpass,250-500Hz,0.11550081521272659
audioseal,spoofed,E_0000418142,1,bandstop,500-1kHz,0.6638237237930298
audioseal,spoofed,E_0000418142,1,bandpass,500-1kHz,0.5237797498703003
audioseal,spoofed,E_0000418142,1,bandstop,1k-2kHz,0.032183047384023666
audioseal,spoofed,E_0000418142,1,bandpass,1k-2kHz,0.5787473320960999
audioseal,spoofed,E_0000418142,1,bandstop,2k-4kHz,0.8346850275993347
audioseal,spoofed,E_0000418142,1,bandpass,2k-4kHz,0.15965910255908966
audioseal,spoofed,E_0000418142,1,bandstop,4k-8kHz,1.0
audioseal,spoofed,E_0000418142,1,bandpass,4k-8kHz,0.0010306821204721928
audioseal,spoofed,E_0000427470,0,none,unfiltered,0.0
audioseal,spoofed,E_0000427470,0,bandstop,0-250Hz,0.0
audioseal,spoofed,E_0000427470,0,bandpass,0-250Hz,0.00013962970115244389
audioseal,spoofed,E_0000427470,0,bandstop,250-500Hz,0.0
audioseal,spoofed,E_0000427470,0,bandpass,250-500Hz,0.08233265578746796
audioseal,spoofed,E_0000427470,0,bandstop,500-1kHz,0.0283937007188797
audioseal,spoofed,E_0000427470,0,bandpass,500-1kHz,0.00846854131668806
audioseal,spoofed,E_0000427470,0,bandstop,1k-2kHz,0.0017104638973250985
audioseal,spoofed,E_0000427470,0,bandpass,1k-2kHz,0.0
audioseal,spoofed,E_0000427470,0,bandstop,2k-4kHz,0.0
audioseal,spoofed,E_0000427470,0,bandpass,2k-4kHz,0.1112220361828804
audioseal,spoofed,E_0000427470,0,bandstop,4k-8kHz,0.0019687789026647806
audioseal,spoofed,E_0000427470,0,bandpass,4k-8kHz,0.045770615339279175
audioseal,spoofed,E_0000427470,1,none,unfiltered,1.0
audioseal,spoofed,E_0000427470,1,bandstop,0-250Hz,1.0
audioseal,spoofed,E_0000427470,1,bandpass,0-250Hz,0.006681281141936779
audioseal,spoofed,E_0000427470,1,bandstop,250-500Hz,1.0
audioseal,spoofed,E_0000427470,1,bandpass,250-500Hz,0.05620095506310463
audioseal,spoofed,E_0000427470,1,bandstop,500-1kHz,0.9557792544364929
audioseal,spoofed,E_0000427470,1,bandpass,500-1kHz,0.31525593996047974
audioseal,spoofed,E_0000427470,1,bandstop,1k-2kHz,0.3617316782474518
audioseal,spoofed,E_0000427470,1,bandpass,1k-2kHz,0.9122776389122009
audioseal,spoofed,E_0000427470,1,bandstop,2k-4kHz,0.997374951839447
audioseal,spoofed,E_0000427470,1,bandpass,2k-4kHz,0.0638456791639328
audioseal,spoofed,E_0000427470,1,bandstop,4k-8kHz,1.0
audioseal,spoofed,E_0000427470,1,bandpass,4k-8kHz,0.07868831604719162
audioseal,spoofed,E_0000443885,0,none,unfiltered,0.037549544125795364
audioseal,spoofed,E_0000443885,0,bandstop,0-250Hz,0.0032365566585212946
audioseal,spoofed,E_0000443885,0,bandpass,0-250Hz,0.0
audioseal,spoofed,E_0000443885,0,bandstop,250-500Hz,0.03314042091369629
audioseal,spoofed,E_0000443885,0,bandpass,250-500Hz,0.0
audioseal,spoofed,E_0000443885,0,bandstop,500-1kHz,0.005451403558254242
audioseal,spoofed,E_0000443885,0,bandpass,500-1kHz,0.0
audioseal,spoofed,E_0000443885,0,bandstop,1k-2kHz,0.0
audioseal,spoofed,E_0000443885,0,bandpass,1k-2kHz,0.0
audioseal,spoofed,E_0000443885,0,bandstop,2k-4kHz,0.0
audioseal,spoofed,E_0000443885,0,bandpass,2k-4kHz,0.008098248392343521
audioseal,spoofed,E_0000443885,0,bandstop,4k-8kHz,0.0013988506980240345
audioseal,spoofed,E_0000443885,0,bandpass,4k-8kHz,0.0
audioseal,spoofed,E_0000443885,1,none,unfiltered,1.0
audioseal,spoofed,E_0000443885,1,bandstop,0-250Hz,1.0
audioseal,spoofed,E_0000443885,1,bandpass,0-250Hz,0.0
audioseal,spoofed,E_0000443885,1,bandstop,250-500Hz,1.0
audioseal,spoofed,E_0000443885,1,bandpass,250-500Hz,0.0
audioseal,spoofed,E_0000443885,1,bandstop,500-1kHz,0.9648779034614563
audioseal,spoofed,E_0000443885,1,bandpass,500-1kHz,0.47288012504577637
audioseal,spoofed,E_0000443885,1,bandstop,1k-2kHz,0.17289520800113678
audioseal,spoofed,E_0000443885,1,bandpass,1k-2kHz,0.8109562993049622
audioseal,spoofed,E_0000443885,1,bandstop,2k-4kHz,0.7252081036567688
audioseal,spoofed,E_0000443885,1,bandpass,2k-4kHz,0.05479517951607704
audioseal,spoofed,E_0000443885,1,bandstop,4k-8kHz,1.0
audioseal,spoofed,E_0000443885,1,bandpass,4k-8kHz,0.0011862802784889936
audioseal,spoofed,E_0000489018,0,none,unfiltered,0.0
audioseal,spoofed,E_0000489018,0,bandstop,0-250Hz,0.0
audioseal,spoofed,E_0000489018,0,bandpass,0-250Hz,0.0
audioseal,spoofed,E_0000489018,0,bandstop,250-500Hz,0.0
audioseal,spoofed,E_0000489018,0,bandpass,250-500Hz,0.0
audioseal,spoofed,E_0000489018,0,bandstop,500-1kHz,0.009480217471718788
audioseal,spoofed,E_0000489018,0,bandpass,500-1kHz,0.0
audioseal,spoofed,E_0000489018,0,bandstop,1k-2kHz,0.0
audioseal,spoofed,E_0000489018,0,bandpass,1k-2kHz,0.0
audioseal,spoofed,E_0000489018,0,bandstop,2k-4kHz,0.0
audioseal,spoofed,E_0000489018,0,bandpass,2k-4kHz,0.0
audioseal,spoofed,E_0000489018,0,bandstop,4k-8kHz,0.0
audioseal,spoofed,E_0000489018,0,bandpass,4k-8kHz,0.0
audioseal,spoofed,E_0000489018,1,none,unfiltered,1.0
audioseal,spoofed,E_0000489018,1,bandstop,0-250Hz,1.0
audioseal,spoofed,E_0000489018,1,bandpass,0-250Hz,0.0
audioseal,spoofed,E_0000489018,1,bandstop,250-500Hz,1.0
audioseal,spoofed,E_0000489018,1,bandpass,250-500Hz,0.0
audioseal,spoofed,E_0000489018,1,bandstop,500-1kHz,0.988831102848053
audioseal,spoofed,E_0000489018,1,bandpass,500-1kHz,0.20960168540477753
audioseal,spoofed,E_0000489018,1,bandstop,1k-2kHz,0.010576367378234863
audioseal,spoofed,E_0000489018,1,bandpass,1k-2kHz,0.8667733073234558
audioseal,spoofed,E_0000489018,1,bandstop,2k-4kHz,0.9179664850234985
audioseal,spoofed,E_0000489018,1,bandpass,2k-4kHz,0.0
audioseal,spoofed,E_0000489018,1,bandstop,4k-8kHz,1.0
audioseal,spoofed,E_0000489018,1,bandpass,4k-8kHz,0.0
wavmark,bonafide,E_0000068801,0,none,unfiltered,0.0
wavmark,bonafide,E_0000068801,0,bandstop,0-250Hz,0.0
wavmark,bonafide,E_0000068801,0,bandpass,0-250Hz,0.0
wavmark,bonafide,E_0000068801,0,bandstop,250-500Hz,0.0
wavmark,bonafide,E_0000068801,0,bandpass,250-500Hz,0.0
wavmark,bonafide,E_0000068801,0,bandstop,500-1kHz,0.0
wavmark,bonafide,E_0000068801,0,bandpass,500-1kHz,0.0
wavmark,bonafide,E_0000068801,0,bandstop,1k-2kHz,0.0
wavmark,bonafide,E_0000068801,0,bandpass,1k-2kHz,0.0
wavmark,bonafide,E_0000068801,0,bandstop,2k-4kHz,0.0
wavmark,bonafide,E_0000068801,0,bandpass,2k-4kHz,0.0
wavmark,bonafide,E_0000068801,0,bandstop,4k-8kHz,0.0
wavmark,bonafide,E_0000068801,0,bandpass,4k-8kHz,0.0
wavmark,bonafide,E_0000068801,1,none,unfiltered,1.0
wavmark,bonafide,E_0000068801,1,bandstop,0-250Hz,1.0
wavmark,bonafide,E_0000068801,1,bandpass,0-250Hz,0.0
wavmark,bonafide,E_0000068801,1,bandstop,250-500Hz,1.0
wavmark,bonafide,E_0000068801,1,bandpass,250-500Hz,0.0
wavmark,bonafide,E_0000068801,1,bandstop,500-1kHz,1.0
wavmark,bonafide,E_0000068801,1,bandpass,500-1kHz,0.0
wavmark,bonafide,E_0000068801,1,bandstop,1k-2kHz,1.0
wavmark,bonafide,E_0000068801,1,bandpass,1k-2kHz,0.9375
wavmark,bonafide,E_0000068801,1,bandstop,2k-4kHz,1.0
wavmark,bonafide,E_0000068801,1,bandpass,2k-4kHz,1.0
wavmark,bonafide,E_0000068801,1,bandstop,4k-8kHz,1.0
wavmark,bonafide,E_0000068801,1,bandpass,4k-8kHz,1.0
wavmark,bonafide,E_0000077580,0,none,unfiltered,0.0
wavmark,bonafide,E_0000077580,0,bandstop,0-250Hz,0.0
wavmark,bonafide,E_0000077580,0,bandpass,0-250Hz,0.0
wavmark,bonafide,E_0000077580,0,bandstop,250-500Hz,0.0
wavmark,bonafide,E_0000077580,0,bandpass,250-500Hz,0.0
wavmark,bonafide,E_0000077580,0,bandstop,500-1kHz,0.0
wavmark,bonafide,E_0000077580,0,bandpass,500-1kHz,0.0
wavmark,bonafide,E_0000077580,0,bandstop,1k-2kHz,0.0
wavmark,bonafide,E_0000077580,0,bandpass,1k-2kHz,0.0
wavmark,bonafide,E_0000077580,0,bandstop,2k-4kHz,0.0
wavmark,bonafide,E_0000077580,0,bandpass,2k-4kHz,0.0
wavmark,bonafide,E_0000077580,0,bandstop,4k-8kHz,0.0
wavmark,bonafide,E_0000077580,0,bandpass,4k-8kHz,0.0
wavmark,bonafide,E_0000077580,1,none,unfiltered,1.0
wavmark,bonafide,E_0000077580,1,bandstop,0-250Hz,1.0
wavmark,bonafide,E_0000077580,1,bandpass,0-250Hz,0.0
wavmark,bonafide,E_0000077580,1,bandstop,250-500Hz,1.0
wavmark,bonafide,E_0000077580,1,bandpass,250-500Hz,0.0
wavmark,bonafide,E_0000077580,1,bandstop,500-1kHz,1.0
wavmark,bonafide,E_0000077580,1,bandpass,500-1kHz,0.0
wavmark,bonafide,E_0000077580,1,bandstop,1k-2kHz,1.0
wavmark,bonafide,E_0000077580,1,bandpass,1k-2kHz,0.0
wavmark,bonafide,E_0000077580,1,bandstop,2k-4kHz,1.0
wavmark,bonafide,E_0000077580,1,bandpass,2k-4kHz,1.0
wavmark,bonafide,E_0000077580,1,bandstop,4k-8kHz,1.0
wavmark,bonafide,E_0000077580,1,bandpass,4k-8kHz,1.0
wavmark,bonafide,E_0000078124,0,none,unfiltered,0.0
wavmark,bonafide,E_0000078124,0,bandstop,0-250Hz,0.0
wavmark,bonafide,E_0000078124,0,bandpass,0-250Hz,0.0
wavmark,bonafide,E_0000078124,0,bandstop,250-500Hz,0.0
wavmark,bonafide,E_0000078124,0,bandpass,250-500Hz,0.0
wavmark,bonafide,E_0000078124,0,bandstop,500-1kHz,0.0
wavmark,bonafide,E_0000078124,0,bandpass,500-1kHz,0.0
wavmark,bonafide,E_0000078124,0,bandstop,1k-2kHz,0.0
wavmark,bonafide,E_0000078124,0,bandpass,1k-2kHz,0.0
wavmark,bonafide,E_0000078124,0,bandstop,2k-4kHz,0.0
wavmark,bonafide,E_0000078124,0,bandpass,2k-4kHz,0.0
wavmark,bonafide,E_0000078124,0,bandstop,4k-8kHz,0.0
wavmark,bonafide,E_0000078124,0,bandpass,4k-8kHz,0.0
wavmark,bonafide,E_0000078124,1,none,unfiltered,1.0
wavmark,bonafide,E_0000078124,1,bandstop,0-250Hz,1.0
wavmark,bonafide,E_0000078124,1,bandpass,0-250Hz,0.0
wavmark,bonafide,E_0000078124,1,bandstop,250-500Hz,1.0
wavmark,bonafide,E_0000078124,1,bandpass,250-500Hz,0.0
wavmark,bonafide,E_0000078124,1,bandstop,500-1kHz,1.0
wavmark,bonafide,E_0000078124,1,bandpass,500-1kHz,0.0
wavmark,bonafide,E_0000078124,1,bandstop,1k-2kHz,1.0
wavmark,bonafide,E_0000078124,1,bandpass,1k-2kHz,0.0
wavmark,bonafide,E_0000078124,1,bandstop,2k-4kHz,1.0
wavmark,bonafide,E_0000078124,1,bandpass,2k-4kHz,1.0
wavmark,bonafide,E_0000078124,1,bandstop,4k-8kHz,1.0
wavmark,bonafide,E_0000078124,1,bandpass,4k-8kHz,1.0
wavmark,bonafide,E_0000106887,0,none,unfiltered,0.0
wavmark,bonafide,E_0000106887,0,bandstop,0-250Hz,0.0
wavmark,bonafide,E_0000106887,0,bandpass,0-250Hz,0.0
wavmark,bonafide,E_0000106887,0,bandstop,250-500Hz,0.0
wavmark,bonafide,E_0000106887,0,bandpass,250-500Hz,0.0
wavmark,bonafide,E_0000106887,0,bandstop,500-1kHz,0.0
wavmark,bonafide,E_0000106887,0,bandpass,500-1kHz,0.0
wavmark,bonafide,E_0000106887,0,bandstop,1k-2kHz,0.0
wavmark,bonafide,E_0000106887,0,bandpass,1k-2kHz,0.0
wavmark,bonafide,E_0000106887,0,bandstop,2k-4kHz,0.0
wavmark,bonafide,E_0000106887,0,bandpass,2k-4kHz,0.0
wavmark,bonafide,E_0000106887,0,bandstop,4k-8kHz,0.0
wavmark,bonafide,E_0000106887,0,bandpass,4k-8kHz,0.0
wavmark,bonafide,E_0000106887,1,none,unfiltered,1.0
wavmark,bonafide,E_0000106887,1,bandstop,0-250Hz,1.0
wavmark,bonafide,E_0000106887,1,bandpass,0-250Hz,0.0
wavmark,bonafide,E_0000106887,1,bandstop,250-500Hz,1.0
wavmark,bonafide,E_0000106887,1,bandpass,250-500Hz,0.0
wavmark,bonafide,E_0000106887,1,bandstop,500-1kHz,1.0
wavmark,bonafide,E_0000106887,1,bandpass,500-1kHz,0.0
wavmark,bonafide,E_0000106887,1,bandstop,1k-2kHz,1.0
wavmark,bonafide,E_0000106887,1,bandpass,1k-2kHz,0.0
wavmark,bonafide,E_0000106887,1,bandstop,2k-4kHz,0.9375
wavmark,bonafide,E_0000106887,1,bandpass,2k-4kHz,1.0
wavmark,bonafide,E_0000106887,1,bandstop,4k-8kHz,1.0
wavmark,bonafide,E_0000106887,1,bandpass,4k-8kHz,1.0
wavmark,bonafide,E_0000246429,0,none,unfiltered,0.0
wavmark,bonafide,E_0000246429,0,bandstop,0-250Hz,0.0
wavmark,bonafide,E_0000246429,0,bandpass,0-250Hz,0.0
wavmark,bonafide,E_0000246429,0,bandstop,250-500Hz,0.0
wavmark,bonafide,E_0000246429,0,bandpass,250-500Hz,0.0
wavmark,bonafide,E_0000246429,0,bandstop,500-1kHz,0.0
wavmark,bonafide,E_0000246429,0,bandpass,500-1kHz,0.0
wavmark,bonafide,E_0000246429,0,bandstop,1k-2kHz,0.0
wavmark,bonafide,E_0000246429,0,bandpass,1k-2kHz,0.0
wavmark,bonafide,E_0000246429,0,bandstop,2k-4kHz,0.0
wavmark,bonafide,E_0000246429,0,bandpass,2k-4kHz,0.0
wavmark,bonafide,E_0000246429,0,bandstop,4k-8kHz,0.0
wavmark,bonafide,E_0000246429,0,bandpass,4k-8kHz,0.0
wavmark,bonafide,E_0000246429,1,none,unfiltered,1.0
wavmark,bonafide,E_0000246429,1,bandstop,0-250Hz,1.0
wavmark,bonafide,E_0000246429,1,bandpass,0-250Hz,0.0
wavmark,bonafide,E_0000246429,1,bandstop,250-500Hz,1.0
wavmark,bonafide,E_0000246429,1,bandpass,250-500Hz,0.0
wavmark,bonafide,E_0000246429,1,bandstop,500-1kHz,1.0
wavmark,bonafide,E_0000246429,1,bandpass,500-1kHz,0.0
wavmark,bonafide,E_0000246429,1,bandstop,1k-2kHz,1.0
wavmark,bonafide,E_0000246429,1,bandpass,1k-2kHz,0.0
wavmark,bonafide,E_0000246429,1,bandstop,2k-4kHz,0.9375
wavmark,bonafide,E_0000246429,1,bandpass,2k-4kHz,1.0
wavmark,bonafide,E_0000246429,1,bandstop,4k-8kHz,1.0
wavmark,bonafide,E_0000246429,1,bandpass,4k-8kHz,1.0
wavmark,bonafide,E_0000257343,0,none,unfiltered,0.0
wavmark,bonafide,E_0000257343,0,bandstop,0-250Hz,0.0
wavmark,bonafide,E_0000257343,0,bandpass,0-250Hz,0.0
wavmark,bonafide,E_0000257343,0,bandstop,250-500Hz,0.0
wavmark,bonafide,E_0000257343,0,bandpass,250-500Hz,0.0
wavmark,bonafide,E_0000257343,0,bandstop,500-1kHz,0.0
wavmark,bonafide,E_0000257343,0,bandpass,500-1kHz,0.0
wavmark,bonafide,E_0000257343,0,bandstop,1k-2kHz,0.0
wavmark,bonafide,E_0000257343,0,bandpass,1k-2kHz,0.0
wavmark,bonafide,E_0000257343,0,bandstop,2k-4kHz,0.0
wavmark,bonafide,E_0000257343,0,bandpass,2k-4kHz,0.0
wavmark,bonafide,E_0000257343,0,bandstop,4k-8kHz,0.0
wavmark,bonafide,E_0000257343,0,bandpass,4k-8kHz,0.0
wavmark,bonafide,E_0000257343,1,none,unfiltered,1.0
wavmark,bonafide,E_0000257343,1,bandstop,0-250Hz,1.0
wavmark,bonafide,E_0000257343,1,bandpass,0-250Hz,0.0
wavmark,bonafide,E_0000257343,1,bandstop,250-500Hz,1.0
wavmark,bonafide,E_0000257343,1,bandpass,250-500Hz,0.0
wavmark,bonafide,E_0000257343,1,bandstop,500-1kHz,1.0
wavmark,bonafide,E_0000257343,1,bandpass,500-1kHz,0.0
wavmark,bonafide,E_0000257343,1,bandstop,1k-2kHz,1.0
wavmark,bonafide,E_0000257343,1,bandpass,1k-2kHz,1.0
wavmark,bonafide,E_0000257343,1,bandstop,2k-4kHz,1.0
wavmark,bonafide,E_0000257343,1,bandpass,2k-4kHz,1.0
wavmark,bonafide,E_0000257343,1,bandstop,4k-8kHz,1.0
wavmark,bonafide,E_0000257343,1,bandpass,4k-8kHz,1.0
wavmark,bonafide,E_0000277012,0,none,unfiltered,0.0
wavmark,bonafide,E_0000277012,0,bandstop,0-250Hz,0.0
wavmark,bonafide,E_0000277012,0,bandpass,0-250Hz,0.0
wavmark,bonafide,E_0000277012,0,bandstop,250-500Hz,0.0
wavmark,bonafide,E_0000277012,0,bandpass,250-500Hz,0.0
wavmark,bonafide,E_0000277012,0,bandstop,500-1kHz,0.0
wavmark,bonafide,E_0000277012,0,bandpass,500-1kHz,0.0
wavmark,bonafide,E_0000277012,0,bandstop,1k-2kHz,0.0
wavmark,bonafide,E_0000277012,0,bandpass,1k-2kHz,0.0
wavmark,bonafide,E_0000277012,0,bandstop,2k-4kHz,0.0
wavmark,bonafide,E_0000277012,0,bandpass,2k-4kHz,0.0
wavmark,bonafide,E_0000277012,0,bandstop,4k-8kHz,0.0
wavmark,bonafide,E_0000277012,0,bandpass,4k-8kHz,0.0
wavmark,bonafide,E_0000277012,1,none,unfiltered,1.0
wavmark,bonafide,E_0000277012,1,bandstop,0-250Hz,1.0
wavmark,bonafide,E_0000277012,1,bandpass,0-250Hz,0.0
wavmark,bonafide,E_0000277012,1,bandstop,250-500Hz,1.0
wavmark,bonafide,E_0000277012,1,bandpass,250-500Hz,0.0
wavmark,bonafide,E_0000277012,1,bandstop,500-1kHz,1.0
wavmark,bonafide,E_0000277012,1,bandpass,500-1kHz,0.0
wavmark,bonafide,E_0000277012,1,bandstop,1k-2kHz,1.0
wavmark,bonafide,E_0000277012,1,bandpass,1k-2kHz,0.0
wavmark,bonafide,E_0000277012,1,bandstop,2k-4kHz,1.0
wavmark,bonafide,E_0000277012,1,bandpass,2k-4kHz,1.0
wavmark,bonafide,E_0000277012,1,bandstop,4k-8kHz,1.0
wavmark,bonafide,E_0000277012,1,bandpass,4k-8kHz,1.0
wavmark,bonafide,E_0000351484,0,none,unfiltered,0.0
wavmark,bonafide,E_0000351484,0,bandstop,0-250Hz,0.0
wavmark,bonafide,E_0000351484,0,bandpass,0-250Hz,0.0
wavmark,bonafide,E_0000351484,0,bandstop,250-500Hz,0.0
wavmark,bonafide,E_0000351484,0,bandpass,250-500Hz,0.0
wavmark,bonafide,E_0000351484,0,bandstop,500-1kHz,0.0
wavmark,bonafide,E_0000351484,0,bandpass,500-1kHz,0.0
wavmark,bonafide,E_0000351484,0,bandstop,1k-2kHz,0.0
wavmark,bonafide,E_0000351484,0,bandpass,1k-2kHz,0.0
wavmark,bonafide,E_0000351484,0,bandstop,2k-4kHz,0.0
wavmark,bonafide,E_0000351484,0,bandpass,2k-4kHz,0.0
wavmark,bonafide,E_0000351484,0,bandstop,4k-8kHz,0.0
wavmark,bonafide,E_0000351484,0,bandpass,4k-8kHz,0.0
wavmark,bonafide,E_0000351484,1,none,unfiltered,1.0
wavmark,bonafide,E_0000351484,1,bandstop,0-250Hz,1.0
wavmark,bonafide,E_0000351484,1,bandpass,0-250Hz,0.0
wavmark,bonafide,E_0000351484,1,bandstop,250-500Hz,1.0
wavmark,bonafide,E_0000351484,1,bandpass,250-500Hz,0.0
wavmark,bonafide,E_0000351484,1,bandstop,500-1kHz,1.0
wavmark,bonafide,E_0000351484,1,bandpass,500-1kHz,0.0
wavmark,bonafide,E_0000351484,1,bandstop,1k-2kHz,1.0
wavmark,bonafide,E_0000351484,1,bandpass,1k-2kHz,0.0
wavmark,bonafide,E_0000351484,1,bandstop,2k-4kHz,1.0
wavmark,bonafide,E_0000351484,1,bandpass,2k-4kHz,1.0
wavmark,bonafide,E_0000351484,1,bandstop,4k-8kHz,1.0
wavmark,bonafide,E_0000351484,1,bandpass,4k-8kHz,1.0
wavmark,bonafide,E_0000421660,0,none,unfiltered,0.0
wavmark,bonafide,E_0000421660,0,bandstop,0-250Hz,0.0
wavmark,bonafide,E_0000421660,0,bandpass,0-250Hz,0.0
wavmark,bonafide,E_0000421660,0,bandstop,250-500Hz,0.0
wavmark,bonafide,E_0000421660,0,bandpass,250-500Hz,0.0
wavmark,bonafide,E_0000421660,0,bandstop,500-1kHz,0.0
wavmark,bonafide,E_0000421660,0,bandpass,500-1kHz,0.0
wavmark,bonafide,E_0000421660,0,bandstop,1k-2kHz,0.0
wavmark,bonafide,E_0000421660,0,bandpass,1k-2kHz,0.0
wavmark,bonafide,E_0000421660,0,bandstop,2k-4kHz,0.0
wavmark,bonafide,E_0000421660,0,bandpass,2k-4kHz,0.0
wavmark,bonafide,E_0000421660,0,bandstop,4k-8kHz,0.0
wavmark,bonafide,E_0000421660,0,bandpass,4k-8kHz,0.0
wavmark,bonafide,E_0000421660,1,none,unfiltered,1.0
wavmark,bonafide,E_0000421660,1,bandstop,0-250Hz,1.0
wavmark,bonafide,E_0000421660,1,bandpass,0-250Hz,0.0
wavmark,bonafide,E_0000421660,1,bandstop,250-500Hz,1.0
wavmark,bonafide,E_0000421660,1,bandpass,250-500Hz,0.0
wavmark,bonafide,E_0000421660,1,bandstop,500-1kHz,1.0
wavmark,bonafide,E_0000421660,1,bandpass,500-1kHz,0.0
wavmark,bonafide,E_0000421660,1,bandstop,1k-2kHz,1.0
wavmark,bonafide,E_0000421660,1,bandpass,1k-2kHz,0.0
wavmark,bonafide,E_0000421660,1,bandstop,2k-4kHz,1.0
wavmark,bonafide,E_0000421660,1,bandpass,2k-4kHz,1.0
wavmark,bonafide,E_0000421660,1,bandstop,4k-8kHz,1.0
wavmark,bonafide,E_0000421660,1,bandpass,4k-8kHz,1.0
wavmark,bonafide,E_0000430642,0,none,unfiltered,0.0
wavmark,bonafide,E_0000430642,0,bandstop,0-250Hz,0.0
wavmark,bonafide,E_0000430642,0,bandpass,0-250Hz,0.0
wavmark,bonafide,E_0000430642,0,bandstop,250-500Hz,0.0
wavmark,bonafide,E_0000430642,0,bandpass,250-500Hz,0.0
wavmark,bonafide,E_0000430642,0,bandstop,500-1kHz,0.0
wavmark,bonafide,E_0000430642,0,bandpass,500-1kHz,0.0
wavmark,bonafide,E_0000430642,0,bandstop,1k-2kHz,0.0
wavmark,bonafide,E_0000430642,0,bandpass,1k-2kHz,0.0
wavmark,bonafide,E_0000430642,0,bandstop,2k-4kHz,0.0
wavmark,bonafide,E_0000430642,0,bandpass,2k-4kHz,0.0
wavmark,bonafide,E_0000430642,0,bandstop,4k-8kHz,0.0
wavmark,bonafide,E_0000430642,0,bandpass,4k-8kHz,0.0
wavmark,bonafide,E_0000430642,1,none,unfiltered,1.0
wavmark,bonafide,E_0000430642,1,bandstop,0-250Hz,1.0
wavmark,bonafide,E_0000430642,1,bandpass,0-250Hz,0.0
wavmark,bonafide,E_0000430642,1,bandstop,250-500Hz,1.0
wavmark,bonafide,E_0000430642,1,bandpass,250-500Hz,0.0
wavmark,bonafide,E_0000430642,1,bandstop,500-1kHz,1.0
wavmark,bonafide,E_0000430642,1,bandpass,500-1kHz,0.0
wavmark,bonafide,E_0000430642,1,bandstop,1k-2kHz,1.0
wavmark,bonafide,E_0000430642,1,bandpass,1k-2kHz,1.0
wavmark,bonafide,E_0000430642,1,bandstop,2k-4kHz,1.0
wavmark,bonafide,E_0000430642,1,bandpass,2k-4kHz,1.0
wavmark,bonafide,E_0000430642,1,bandstop,4k-8kHz,1.0
wavmark,bonafide,E_0000430642,1,bandpass,4k-8kHz,1.0
wavmark,bonafide,E_0000439319,0,none,unfiltered,0.0
wavmark,bonafide,E_0000439319,0,bandstop,0-250Hz,0.0
wavmark,bonafide,E_0000439319,0,bandpass,0-250Hz,0.0
wavmark,bonafide,E_0000439319,0,bandstop,250-500Hz,0.0
wavmark,bonafide,E_0000439319,0,bandpass,250-500Hz,0.0
wavmark,bonafide,E_0000439319,0,bandstop,500-1kHz,0.0
wavmark,bonafide,E_0000439319,0,bandpass,500-1kHz,0.0
wavmark,bonafide,E_0000439319,0,bandstop,1k-2kHz,0.0
wavmark,bonafide,E_0000439319,0,bandpass,1k-2kHz,0.0
wavmark,bonafide,E_0000439319,0,bandstop,2k-4kHz,0.0
wavmark,bonafide,E_0000439319,0,bandpass,2k-4kHz,0.0
wavmark,bonafide,E_0000439319,0,bandstop,4k-8kHz,0.0
wavmark,bonafide,E_0000439319,0,bandpass,4k-8kHz,0.0
wavmark,bonafide,E_0000439319,1,none,unfiltered,1.0
wavmark,bonafide,E_0000439319,1,bandstop,0-250Hz,1.0
wavmark,bonafide,E_0000439319,1,bandpass,0-250Hz,0.0
wavmark,bonafide,E_0000439319,1,bandstop,250-500Hz,1.0
wavmark,bonafide,E_0000439319,1,bandpass,250-500Hz,0.0
wavmark,bonafide,E_0000439319,1,bandstop,500-1kHz,1.0
wavmark,bonafide,E_0000439319,1,bandpass,500-1kHz,0.0
wavmark,bonafide,E_0000439319,1,bandstop,1k-2kHz,1.0
wavmark,bonafide,E_0000439319,1,bandpass,1k-2kHz,0.0
wavmark,bonafide,E_0000439319,1,bandstop,2k-4kHz,1.0
wavmark,bonafide,E_0000439319,1,bandpass,2k-4kHz,1.0
wavmark,bonafide,E_0000439319,1,bandstop,4k-8kHz,1.0
wavmark,bonafide,E_0000439319,1,bandpass,4k-8kHz,1.0
wavmark,bonafide,E_0000485164,0,none,unfiltered,0.0
wavmark,bonafide,E_0000485164,0,bandstop,0-250Hz,0.0
wavmark,bonafide,E_0000485164,0,bandpass,0-250Hz,0.0
wavmark,bonafide,E_0000485164,0,bandstop,250-500Hz,0.0
wavmark,bonafide,E_0000485164,0,bandpass,250-500Hz,0.0
wavmark,bonafide,E_0000485164,0,bandstop,500-1kHz,0.0
wavmark,bonafide,E_0000485164,0,bandpass,500-1kHz,0.0
wavmark,bonafide,E_0000485164,0,bandstop,1k-2kHz,0.0
wavmark,bonafide,E_0000485164,0,bandpass,1k-2kHz,0.0
wavmark,bonafide,E_0000485164,0,bandstop,2k-4kHz,0.0
wavmark,bonafide,E_0000485164,0,bandpass,2k-4kHz,0.0
wavmark,bonafide,E_0000485164,0,bandstop,4k-8kHz,0.0
wavmark,bonafide,E_0000485164,0,bandpass,4k-8kHz,0.0
wavmark,bonafide,E_0000485164,1,none,unfiltered,1.0
wavmark,bonafide,E_0000485164,1,bandstop,0-250Hz,1.0
wavmark,bonafide,E_0000485164,1,bandpass,0-250Hz,0.0
wavmark,bonafide,E_0000485164,1,bandstop,250-500Hz,1.0
wavmark,bonafide,E_0000485164,1,bandpass,250-500Hz,0.0
wavmark,bonafide,E_0000485164,1,bandstop,500-1kHz,1.0
wavmark,bonafide,E_0000485164,1,bandpass,500-1kHz,0.0
wavmark,bonafide,E_0000485164,1,bandstop,1k-2kHz,1.0
wavmark,bonafide,E_0000485164,1,bandpass,1k-2kHz,0.0
wavmark,bonafide,E_0000485164,1,bandstop,2k-4kHz,1.0
wavmark,bonafide,E_0000485164,1,bandpass,2k-4kHz,1.0
wavmark,bonafide,E_0000485164,1,bandstop,4k-8kHz,1.0
wavmark,bonafide,E_0000485164,1,bandpass,4k-8kHz,1.0
wavmark,bonafide,E_0000551472,0,none,unfiltered,0.0
wavmark,bonafide,E_0000551472,0,bandstop,0-250Hz,0.0
wavmark,bonafide,E_0000551472,0,bandpass,0-250Hz,0.0
wavmark,bonafide,E_0000551472,0,bandstop,250-500Hz,0.0
wavmark,bonafide,E_0000551472,0,bandpass,250-500Hz,0.0
wavmark,bonafide,E_0000551472,0,bandstop,500-1kHz,0.0
wavmark,bonafide,E_0000551472,0,bandpass,500-1kHz,0.0
wavmark,bonafide,E_0000551472,0,bandstop,1k-2kHz,0.0
wavmark,bonafide,E_0000551472,0,bandpass,1k-2kHz,0.0
wavmark,bonafide,E_0000551472,0,bandstop,2k-4kHz,0.0
wavmark,bonafide,E_0000551472,0,bandpass,2k-4kHz,0.0
wavmark,bonafide,E_0000551472,0,bandstop,4k-8kHz,0.0
wavmark,bonafide,E_0000551472,0,bandpass,4k-8kHz,0.0
wavmark,bonafide,E_0000551472,1,none,unfiltered,1.0
wavmark,bonafide,E_0000551472,1,bandstop,0-250Hz,1.0
wavmark,bonafide,E_0000551472,1,bandpass,0-250Hz,0.0
wavmark,bonafide,E_0000551472,1,bandstop,250-500Hz,1.0
wavmark,bonafide,E_0000551472,1,bandpass,250-500Hz,0.0
wavmark,bonafide,E_0000551472,1,bandstop,500-1kHz,1.0
wavmark,bonafide,E_0000551472,1,bandpass,500-1kHz,0.0
wavmark,bonafide,E_0000551472,1,bandstop,1k-2kHz,1.0
wavmark,bonafide,E_0000551472,1,bandpass,1k-2kHz,0.0
wavmark,bonafide,E_0000551472,1,bandstop,2k-4kHz,1.0
wavmark,bonafide,E_0000551472,1,bandpass,2k-4kHz,1.0
wavmark,bonafide,E_0000551472,1,bandstop,4k-8kHz,1.0
wavmark,bonafide,E_0000551472,1,bandpass,4k-8kHz,1.0
wavmark,bonafide,E_0000627064,0,none,unfiltered,0.0
wavmark,bonafide,E_0000627064,0,bandstop,0-250Hz,0.0
wavmark,bonafide,E_0000627064,0,bandpass,0-250Hz,0.0
wavmark,bonafide,E_0000627064,0,bandstop,250-500Hz,0.0
wavmark,bonafide,E_0000627064,0,bandpass,250-500Hz,0.0
wavmark,bonafide,E_0000627064,0,bandstop,500-1kHz,0.0
wavmark,bonafide,E_0000627064,0,bandpass,500-1kHz,0.0
wavmark,bonafide,E_0000627064,0,bandstop,1k-2kHz,0.0
wavmark,bonafide,E_0000627064,0,bandpass,1k-2kHz,0.0
wavmark,bonafide,E_0000627064,0,bandstop,2k-4kHz,0.0
wavmark,bonafide,E_0000627064,0,bandpass,2k-4kHz,0.0
wavmark,bonafide,E_0000627064,0,bandstop,4k-8kHz,0.0
wavmark,bonafide,E_0000627064,0,bandpass,4k-8kHz,0.0
wavmark,bonafide,E_0000627064,1,none,unfiltered,1.0
wavmark,bonafide,E_0000627064,1,bandstop,0-250Hz,1.0
wavmark,bonafide,E_0000627064,1,bandpass,0-250Hz,0.0
wavmark,bonafide,E_0000627064,1,bandstop,250-500Hz,1.0
wavmark,bonafide,E_0000627064,1,bandpass,250-500Hz,0.0
wavmark,bonafide,E_0000627064,1,bandstop,500-1kHz,1.0
wavmark,bonafide,E_0000627064,1,bandpass,500-1kHz,0.0
wavmark,bonafide,E_0000627064,1,bandstop,1k-2kHz,1.0
wavmark,bonafide,E_0000627064,1,bandpass,1k-2kHz,0.0
wavmark,bonafide,E_0000627064,1,bandstop,2k-4kHz,1.0
wavmark,bonafide,E_0000627064,1,bandpass,2k-4kHz,1.0
wavmark,bonafide,E_0000627064,1,bandstop,4k-8kHz,1.0
wavmark,bonafide,E_0000627064,1,bandpass,4k-8kHz,1.0
wavmark,bonafide,E_0000657716,0,none,unfiltered,0.0
wavmark,bonafide,E_0000657716,0,bandstop,0-250Hz,0.0
wavmark,bonafide,E_0000657716,0,bandpass,0-250Hz,0.0
wavmark,bonafide,E_0000657716,0,bandstop,250-500Hz,0.0
wavmark,bonafide,E_0000657716,0,bandpass,250-500Hz,0.0
wavmark,bonafide,E_0000657716,0,bandstop,500-1kHz,0.0
wavmark,bonafide,E_0000657716,0,bandpass,500-1kHz,0.0
wavmark,bonafide,E_0000657716,0,bandstop,1k-2kHz,0.0
wavmark,bonafide,E_0000657716,0,bandpass,1k-2kHz,0.0
wavmark,bonafide,E_0000657716,0,bandstop,2k-4kHz,0.0
wavmark,bonafide,E_0000657716,0,bandpass,2k-4kHz,0.0
wavmark,bonafide,E_0000657716,0,bandstop,4k-8kHz,0.0
wavmark,bonafide,E_0000657716,0,bandpass,4k-8kHz,0.0
wavmark,bonafide,E_0000657716,1,none,unfiltered,1.0
wavmark,bonafide,E_0000657716,1,bandstop,0-250Hz,1.0
wavmark,bonafide,E_0000657716,1,bandpass,0-250Hz,0.0
wavmark,bonafide,E_0000657716,1,bandstop,250-500Hz,1.0
wavmark,bonafide,E_0000657716,1,bandpass,250-500Hz,0.0
wavmark,bonafide,E_0000657716,1,bandstop,500-1kHz,1.0
wavmark,bonafide,E_0000657716,1,bandpass,500-1kHz,0.0
wavmark,bonafide,E_0000657716,1,bandstop,1k-2kHz,1.0
wavmark,bonafide,E_0000657716,1,bandpass,1k-2kHz,0.0
wavmark,bonafide,E_0000657716,1,bandstop,2k-4kHz,0.9375
wavmark,bonafide,E_0000657716,1,bandpass,2k-4kHz,1.0
wavmark,bonafide,E_0000657716,1,bandstop,4k-8kHz,1.0
wavmark,bonafide,E_0000657716,1,bandpass,4k-8kHz,1.0
wavmark,spoofed,E_0000168096,0,none,unfiltered,0.0
wavmark,spoofed,E_0000168096,0,bandstop,0-250Hz,0.0
wavmark,spoofed,E_0000168096,0,bandpass,0-250Hz,0.0
wavmark,spoofed,E_0000168096,0,bandstop,250-500Hz,0.0
wavmark,spoofed,E_0000168096,0,bandpass,250-500Hz,0.0
wavmark,spoofed,E_0000168096,0,bandstop,500-1kHz,0.0
wavmark,spoofed,E_0000168096,0,bandpass,500-1kHz,0.0
wavmark,spoofed,E_0000168096,0,bandstop,1k-2kHz,0.0
wavmark,spoofed,E_0000168096,0,bandpass,1k-2kHz,0.0
wavmark,spoofed,E_0000168096,0,bandstop,2k-4kHz,0.0
wavmark,spoofed,E_0000168096,0,bandpass,2k-4kHz,0.0
wavmark,spoofed,E_0000168096,0,bandstop,4k-8kHz,0.0
wavmark,spoofed,E_0000168096,0,bandpass,4k-8kHz,0.0
wavmark,spoofed,E_0000168096,1,none,unfiltered,1.0
wavmark,spoofed,E_0000168096,1,bandstop,0-250Hz,1.0
wavmark,spoofed,E_0000168096,1,bandpass,0-250Hz,0.0
wavmark,spoofed,E_0000168096,1,bandstop,250-500Hz,1.0
wavmark,spoofed,E_0000168096,1,bandpass,250-500Hz,0.0
wavmark,spoofed,E_0000168096,1,bandstop,500-1kHz,1.0
wavmark,spoofed,E_0000168096,1,bandpass,500-1kHz,0.0
wavmark,spoofed,E_0000168096,1,bandstop,1k-2kHz,1.0
wavmark,spoofed,E_0000168096,1,bandpass,1k-2kHz,0.0
wavmark,spoofed,E_0000168096,1,bandstop,2k-4kHz,1.0
wavmark,spoofed,E_0000168096,1,bandpass,2k-4kHz,1.0
wavmark,spoofed,E_0000168096,1,bandstop,4k-8kHz,1.0
wavmark,spoofed,E_0000168096,1,bandpass,4k-8kHz,1.0
wavmark,spoofed,E_0000181548,0,none,unfiltered,0.0
wavmark,spoofed,E_0000181548,0,bandstop,0-250Hz,0.0
wavmark,spoofed,E_0000181548,0,bandpass,0-250Hz,0.0
wavmark,spoofed,E_0000181548,0,bandstop,250-500Hz,0.0
wavmark,spoofed,E_0000181548,0,bandpass,250-500Hz,0.0
wavmark,spoofed,E_0000181548,0,bandstop,500-1kHz,0.0
wavmark,spoofed,E_0000181548,0,bandpass,500-1kHz,0.0
wavmark,spoofed,E_0000181548,0,bandstop,1k-2kHz,0.0
wavmark,spoofed,E_0000181548,0,bandpass,1k-2kHz,0.0
wavmark,spoofed,E_0000181548,0,bandstop,2k-4kHz,0.0
wavmark,spoofed,E_0000181548,0,bandpass,2k-4kHz,0.0
wavmark,spoofed,E_0000181548,0,bandstop,4k-8kHz,0.0
wavmark,spoofed,E_0000181548,0,bandpass,4k-8kHz,0.0
wavmark,spoofed,E_0000181548,1,none,unfiltered,1.0
wavmark,spoofed,E_0000181548,1,bandstop,0-250Hz,1.0
wavmark,spoofed,E_0000181548,1,bandpass,0-250Hz,0.0
wavmark,spoofed,E_0000181548,1,bandstop,250-500Hz,1.0
wavmark,spoofed,E_0000181548,1,bandpass,250-500Hz,0.0
wavmark,spoofed,E_0000181548,1,bandstop,500-1kHz,1.0
wavmark,spoofed,E_0000181548,1,bandpass,500-1kHz,0.0
wavmark,spoofed,E_0000181548,1,bandstop,1k-2kHz,1.0
wavmark,spoofed,E_0000181548,1,bandpass,1k-2kHz,0.0
wavmark,spoofed,E_0000181548,1,bandstop,2k-4kHz,0.9375
wavmark,spoofed,E_0000181548,1,bandpass,2k-4kHz,1.0
wavmark,spoofed,E_0000181548,1,bandstop,4k-8kHz,1.0
wavmark,spoofed,E_0000181548,1,bandpass,4k-8kHz,1.0
wavmark,spoofed,E_0000292439,0,none,unfiltered,0.0
wavmark,spoofed,E_0000292439,0,bandstop,0-250Hz,0.0
wavmark,spoofed,E_0000292439,0,bandpass,0-250Hz,0.0
wavmark,spoofed,E_0000292439,0,bandstop,250-500Hz,0.0
wavmark,spoofed,E_0000292439,0,bandpass,250-500Hz,0.0
wavmark,spoofed,E_0000292439,0,bandstop,500-1kHz,0.0
wavmark,spoofed,E_0000292439,0,bandpass,500-1kHz,0.0
wavmark,spoofed,E_0000292439,0,bandstop,1k-2kHz,0.0
wavmark,spoofed,E_0000292439,0,bandpass,1k-2kHz,0.0
wavmark,spoofed,E_0000292439,0,bandstop,2k-4kHz,0.0
wavmark,spoofed,E_0000292439,0,bandpass,2k-4kHz,0.0
wavmark,spoofed,E_0000292439,0,bandstop,4k-8kHz,0.0
wavmark,spoofed,E_0000292439,0,bandpass,4k-8kHz,0.0
wavmark,spoofed,E_0000292439,1,none,unfiltered,1.0
wavmark,spoofed,E_0000292439,1,bandstop,0-250Hz,1.0
wavmark,spoofed,E_0000292439,1,bandpass,0-250Hz,0.0
wavmark,spoofed,E_0000292439,1,bandstop,250-500Hz,1.0
wavmark,spoofed,E_0000292439,1,bandpass,250-500Hz,0.0
wavmark,spoofed,E_0000292439,1,bandstop,500-1kHz,1.0
wavmark,spoofed,E_0000292439,1,bandpass,500-1kHz,0.0
wavmark,spoofed,E_0000292439,1,bandstop,1k-2kHz,1.0
wavmark,spoofed,E_0000292439,1,bandpass,1k-2kHz,0.0
wavmark,spoofed,E_0000292439,1,bandstop,2k-4kHz,0.9375
wavmark,spoofed,E_0000292439,1,bandpass,2k-4kHz,1.0
wavmark,spoofed,E_0000292439,1,bandstop,4k-8kHz,1.0
wavmark,spoofed,E_0000292439,1,bandpass,4k-8kHz,1.0
wavmark,spoofed,E_0000418142,0,none,unfiltered,0.0
wavmark,spoofed,E_0000418142,0,bandstop,0-250Hz,0.0
wavmark,spoofed,E_0000418142,0,bandpass,0-250Hz,0.0
wavmark,spoofed,E_0000418142,0,bandstop,250-500Hz,0.0
wavmark,spoofed,E_0000418142,0,bandpass,250-500Hz,0.0
wavmark,spoofed,E_0000418142,0,bandstop,500-1kHz,0.0
wavmark,spoofed,E_0000418142,0,bandpass,500-1kHz,0.0
wavmark,spoofed,E_0000418142,0,bandstop,1k-2kHz,0.0
wavmark,spoofed,E_0000418142,0,bandpass,1k-2kHz,0.0
wavmark,spoofed,E_0000418142,0,bandstop,2k-4kHz,0.0
wavmark,spoofed,E_0000418142,0,bandpass,2k-4kHz,0.0
wavmark,spoofed,E_0000418142,0,bandstop,4k-8kHz,0.0
wavmark,spoofed,E_0000418142,0,bandpass,4k-8kHz,0.0
wavmark,spoofed,E_0000418142,1,none,unfiltered,1.0
wavmark,spoofed,E_0000418142,1,bandstop,0-250Hz,1.0
wavmark,spoofed,E_0000418142,1,bandpass,0-250Hz,0.0
wavmark,spoofed,E_0000418142,1,bandstop,250-500Hz,1.0
wavmark,spoofed,E_0000418142,1,bandpass,250-500Hz,0.0
wavmark,spoofed,E_0000418142,1,bandstop,500-1kHz,1.0
wavmark,spoofed,E_0000418142,1,bandpass,500-1kHz,0.0
wavmark,spoofed,E_0000418142,1,bandstop,1k-2kHz,1.0
wavmark,spoofed,E_0000418142,1,bandpass,1k-2kHz,0.0
wavmark,spoofed,E_0000418142,1,bandstop,2k-4kHz,1.0
wavmark,spoofed,E_0000418142,1,bandpass,2k-4kHz,1.0
wavmark,spoofed,E_0000418142,1,bandstop,4k-8kHz,1.0
wavmark,spoofed,E_0000418142,1,bandpass,4k-8kHz,1.0
wavmark,spoofed,E_0000427470,0,none,unfiltered,0.0
wavmark,spoofed,E_0000427470,0,bandstop,0-250Hz,0.0
wavmark,spoofed,E_0000427470,0,bandpass,0-250Hz,0.0
wavmark,spoofed,E_0000427470,0,bandstop,250-500Hz,0.0
wavmark,spoofed,E_0000427470,0,bandpass,250-500Hz,0.0
wavmark,spoofed,E_0000427470,0,bandstop,500-1kHz,0.0
wavmark,spoofed,E_0000427470,0,bandpass,500-1kHz,0.0
wavmark,spoofed,E_0000427470,0,bandstop,1k-2kHz,0.0
wavmark,spoofed,E_0000427470,0,bandpass,1k-2kHz,0.0
wavmark,spoofed,E_0000427470,0,bandstop,2k-4kHz,0.0
wavmark,spoofed,E_0000427470,0,bandpass,2k-4kHz,0.0
wavmark,spoofed,E_0000427470,0,bandstop,4k-8kHz,0.0
wavmark,spoofed,E_0000427470,0,bandpass,4k-8kHz,0.0
wavmark,spoofed,E_0000427470,1,none,unfiltered,1.0
wavmark,spoofed,E_0000427470,1,bandstop,0-250Hz,1.0
wavmark,spoofed,E_0000427470,1,bandpass,0-250Hz,0.0
wavmark,spoofed,E_0000427470,1,bandstop,250-500Hz,1.0
wavmark,spoofed,E_0000427470,1,bandpass,250-500Hz,0.0
wavmark,spoofed,E_0000427470,1,bandstop,500-1kHz,1.0
wavmark,spoofed,E_0000427470,1,bandpass,500-1kHz,0.0
wavmark,spoofed,E_0000427470,1,bandstop,1k-2kHz,1.0
wavmark,spoofed,E_0000427470,1,bandpass,1k-2kHz,0.0
wavmark,spoofed,E_0000427470,1,bandstop,2k-4kHz,1.0
wavmark,spoofed,E_0000427470,1,bandpass,2k-4kHz,1.0
wavmark,spoofed,E_0000427470,1,bandstop,4k-8kHz,1.0
wavmark,spoofed,E_0000427470,1,bandpass,4k-8kHz,1.0
wavmark,spoofed,E_0000489018,0,none,unfiltered,0.0
wavmark,spoofed,E_0000489018,0,bandstop,0-250Hz,0.0
wavmark,spoofed,E_0000489018,0,bandpass,0-250Hz,0.0
wavmark,spoofed,E_0000489018,0,bandstop,250-500Hz,0.0
wavmark,spoofed,E_0000489018,0,bandpass,250-500Hz,0.0
wavmark,spoofed,E_0000489018,0,bandstop,500-1kHz,0.0
wavmark,spoofed,E_0000489018,0,bandpass,500-1kHz,0.0
wavmark,spoofed,E_0000489018,0,bandstop,1k-2kHz,0.0
wavmark,spoofed,E_0000489018,0,bandpass,1k-2kHz,0.0
wavmark,spoofed,E_0000489018,0,bandstop,2k-4kHz,0.0
wavmark,spoofed,E_0000489018,0,bandpass,2k-4kHz,0.0
wavmark,spoofed,E_0000489018,0,bandstop,4k-8kHz,0.0
wavmark,spoofed,E_0000489018,0,bandpass,4k-8kHz,0.0
wavmark,spoofed,E_0000489018,1,none,unfiltered,1.0
wavmark,spoofed,E_0000489018,1,bandstop,0-250Hz,1.0
wavmark,spoofed,E_0000489018,1,bandpass,0-250Hz,0.0
wavmark,spoofed,E_0000489018,1,bandstop,250-500Hz,1.0
wavmark,spoofed,E_0000489018,1,bandpass,250-500Hz,0.0
wavmark,spoofed,E_0000489018,1,bandstop,500-1kHz,1.0
wavmark,spoofed,E_0000489018,1,bandpass,500-1kHz,0.0
wavmark,spoofed,E_0000489018,1,bandstop,1k-2kHz,1.0
wavmark,spoofed,E_0000489018,1,bandpass,1k-2kHz,0.0
wavmark,spoofed,E_0000489018,1,bandstop,2k-4kHz,1.0
wavmark,spoofed,E_0000489018,1,bandpass,2k-4kHz,1.0
wavmark,spoofed,E_0000489018,1,bandstop,4k-8kHz,1.0
wavmark,spoofed,E_0000489018,1,bandpass,4k-8kHz,1.0
wavmark,spoofed,E_0000571047,0,none,unfiltered,0.0
wavmark,spoofed,E_0000571047,0,bandstop,0-250Hz,0.0
wavmark,spoofed,E_0000571047,0,bandpass,0-250Hz,0.0
wavmark,spoofed,E_0000571047,0,bandstop,250-500Hz,0.0
wavmark,spoofed,E_0000571047,0,bandpass,250-500Hz,0.0
wavmark,spoofed,E_0000571047,0,bandstop,500-1kHz,0.0
wavmark,spoofed,E_0000571047,0,bandpass,500-1kHz,0.0
wavmark,spoofed,E_0000571047,0,bandstop,1k-2kHz,0.0
wavmark,spoofed,E_0000571047,0,bandpass,1k-2kHz,0.0
wavmark,spoofed,E_0000571047,0,bandstop,2k-4kHz,0.0
wavmark,spoofed,E_0000571047,0,bandpass,2k-4kHz,0.0
wavmark,spoofed,E_0000571047,0,bandstop,4k-8kHz,0.0
wavmark,spoofed,E_0000571047,0,bandpass,4k-8kHz,0.0
wavmark,spoofed,E_0000571047,1,none,unfiltered,1.0
wavmark,spoofed,E_0000571047,1,bandstop,0-250Hz,1.0
wavmark,spoofed,E_0000571047,1,bandpass,0-250Hz,0.0
wavmark,spoofed,E_0000571047,1,bandstop,250-500Hz,1.0
wavmark,spoofed,E_0000571047,1,bandpass,250-500Hz,0.0
wavmark,spoofed,E_0000571047,1,bandstop,500-1kHz,1.0
wavmark,spoofed,E_0000571047,1,bandpass,500-1kHz,0.0
wavmark,spoofed,E_0000571047,1,bandstop,1k-2kHz,1.0
wavmark,spoofed,E_0000571047,1,bandpass,1k-2kHz,0.0
wavmark,spoofed,E_0000571047,1,bandstop,2k-4kHz,1.0
wavmark,spoofed,E_0000571047,1,bandpass,2k-4kHz,1.0
wavmark,spoofed,E_0000571047,1,bandstop,4k-8kHz,1.0
wavmark,spoofed,E_0000571047,1,bandpass,4k-8kHz,1.0
wavmark,spoofed,E_0000579112,0,none,unfiltered,0.0
wavmark,spoofed,E_0000579112,0,bandstop,0-250Hz,0.0
wavmark,spoofed,E_0000579112,0,bandpass,0-250Hz,0.0
wavmark,spoofed,E_0000579112,0,bandstop,250-500Hz,0.0
wavmark,spoofed,E_0000579112,0,bandpass,250-500Hz,0.0
wavmark,spoofed,E_0000579112,0,bandstop,500-1kHz,0.0
wavmark,spoofed,E_0000579112,0,bandpass,500-1kHz,0.0
wavmark,spoofed,E_0000579112,0,bandstop,1k-2kHz,0.0
wavmark,spoofed,E_0000579112,0,bandpass,1k-2kHz,0.0
wavmark,spoofed,E_0000579112,0,bandstop,2k-4kHz,0.0
wavmark,spoofed,E_0000579112,0,bandpass,2k-4kHz,0.0
wavmark,spoofed,E_0000579112,0,bandstop,4k-8kHz,0.0
wavmark,spoofed,E_0000579112,0,bandpass,4k-8kHz,0.0
wavmark,spoofed,E_0000579112,1,none,unfiltered,1.0
wavmark,spoofed,E_0000579112,1,bandstop,0-250Hz,1.0
wavmark,spoofed,E_0000579112,1,bandpass,0-250Hz,0.0
wavmark,spoofed,E_0000579112,1,bandstop,250-500Hz,1.0
wavmark,spoofed,E_0000579112,1,bandpass,250-500Hz,0.0
wavmark,spoofed,E_0000579112,1,bandstop,500-1kHz,1.0
wavmark,spoofed,E_0000579112,1,bandpass,500-1kHz,0.0
wavmark,spoofed,E_0000579112,1,bandstop,1k-2kHz,1.0
wavmark,spoofed,E_0000579112,1,bandpass,1k-2kHz,0.0
wavmark,spoofed,E_0000579112,1,bandstop,2k-4kHz,1.0
wavmark,spoofed,E_0000579112,1,bandpass,2k-4kHz,1.0
wavmark,spoofed,E_0000579112,1,bandstop,4k-8kHz,1.0
wavmark,spoofed,E_0000579112,1,bandpass,4k-8kHz,1.0
wavmark,spoofed,E_0000688876,0,none,unfiltered,0.0
wavmark,spoofed,E_0000688876,0,bandstop,0-250Hz,0.0
wavmark,spoofed,E_0000688876,0,bandpass,0-250Hz,0.0
wavmark,spoofed,E_0000688876,0,bandstop,250-500Hz,0.0
wavmark,spoofed,E_0000688876,0,bandpass,250-500Hz,0.0
wavmark,spoofed,E_0000688876,0,bandstop,500-1kHz,0.0
wavmark,spoofed,E_0000688876,0,bandpass,500-1kHz,0.0
wavmark,spoofed,E_0000688876,0,bandstop,1k-2kHz,0.0
wavmark,spoofed,E_0000688876,0,bandpass,1k-2kHz,0.0
wavmark,spoofed,E_0000688876,0,bandstop,2k-4kHz,0.0
wavmark,spoofed,E_0000688876,0,bandpass,2k-4kHz,0.0
wavmark,spoofed,E_0000688876,0,bandstop,4k-8kHz,0.0
wavmark,spoofed,E_0000688876,0,bandpass,4k-8kHz,0.0
wavmark,spoofed,E_0000688876,1,none,unfiltered,1.0
wavmark,spoofed,E_0000688876,1,bandstop,0-250Hz,1.0
wavmark,spoofed,E_0000688876,1,bandpass,0-250Hz,0.0
wavmark,spoofed,E_0000688876,1,bandstop,250-500Hz,1.0
wavmark,spoofed,E_0000688876,1,bandpass,250-500Hz,0.0
wavmark,spoofed,E_0000688876,1,bandstop,500-1kHz,1.0
wavmark,spoofed,E_0000688876,1,bandpass,500-1kHz,0.0
wavmark,spoofed,E_0000688876,1,bandstop,1k-2kHz,1.0
wavmark,spoofed,E_0000688876,1,bandpass,1k-2kHz,0.0
wavmark,spoofed,E_0000688876,1,bandstop,2k-4kHz,1.0
wavmark,spoofed,E_0000688876,1,bandpass,2k-4kHz,1.0
wavmark,spoofed,E_0000688876,1,bandstop,4k-8kHz,1.0
wavmark,spoofed,E_0000688876,1,bandpass,4k-8kHz,1.0
wavmark,spoofed,E_0000693450,0,none,unfiltered,0.0
wavmark,spoofed,E_0000693450,0,bandstop,0-250Hz,0.0
wavmark,spoofed,E_0000693450,0,bandpass,0-250Hz,0.0
wavmark,spoofed,E_0000693450,0,bandstop,250-500Hz,0.0
wavmark,spoofed,E_0000693450,0,bandpass,250-500Hz,0.0
wavmark,spoofed,E_0000693450,0,bandstop,500-1kHz,0.0
wavmark,spoofed,E_0000693450,0,bandpass,500-1kHz,0.0
wavmark,spoofed,E_0000693450,0,bandstop,1k-2kHz,0.0
wavmark,spoofed,E_0000693450,0,bandpass,1k-2kHz,0.0
wavmark,spoofed,E_0000693450,0,bandstop,2k-4kHz,0.0
wavmark,spoofed,E_0000693450,0,bandpass,2k-4kHz,0.0
wavmark,spoofed,E_0000693450,0,bandstop,4k-8kHz,0.0
wavmark,spoofed,E_0000693450,0,bandpass,4k-8kHz,0.0
wavmark,spoofed,E_0000693450,1,none,unfiltered,1.0
wavmark,spoofed,E_0000693450,1,bandstop,0-250Hz,1.0
wavmark,spoofed,E_0000693450,1,bandpass,0-250Hz,0.0
wavmark,spoofed,E_0000693450,1,bandstop,250-500Hz,1.0
wavmark,spoofed,E_0000693450,1,bandpass,250-500Hz,0.0
wavmark,spoofed,E_0000693450,1,bandstop,500-1kHz,1.0
wavmark,spoofed,E_0000693450,1,bandpass,500-1kHz,0.0
wavmark,spoofed,E_0000693450,1,bandstop,1k-2kHz,1.0
wavmark,spoofed,E_0000693450,1,bandpass,1k-2kHz,1.0
wavmark,spoofed,E_0000693450,1,bandstop,2k-4kHz,1.0
wavmark,spoofed,E_0000693450,1,bandpass,2k-4kHz,1.0
wavmark,spoofed,E_0000693450,1,bandstop,4k-8kHz,1.0
wavmark,spoofed,E_0000693450,1,bandpass,4k-8kHz,1.0
wavmark,spoofed,E_0000740495,0,none,unfiltered,0.0
wavmark,spoofed,E_0000740495,0,bandstop,0-250Hz,0.0
wavmark,spoofed,E_0000740495,0,bandpass,0-250Hz,0.0
wavmark,spoofed,E_0000740495,0,bandstop,250-500Hz,0.0
wavmark,spoofed,E_0000740495,0,bandpass,250-500Hz,0.0
wavmark,spoofed,E_0000740495,0,bandstop,500-1kHz,0.0
wavmark,spoofed,E_0000740495,0,bandpass,500-1kHz,0.0
wavmark,spoofed,E_0000740495,0,bandstop,1k-2kHz,0.0
wavmark,spoofed,E_0000740495,0,bandpass,1k-2kHz,0.0
wavmark,spoofed,E_0000740495,0,bandstop,2k-4kHz,0.0
wavmark,spoofed,E_0000740495,0,bandpass,2k-4kHz,0.0
wavmark,spoofed,E_0000740495,0,bandstop,4k-8kHz,0.0
wavmark,spoofed,E_0000740495,0,bandpass,4k-8kHz,0.0
wavmark,spoofed,E_0000740495,1,none,unfiltered,1.0
wavmark,spoofed,E_0000740495,1,bandstop,0-250Hz,1.0
wavmark,spoofed,E_0000740495,1,bandpass,0-250Hz,0.0
wavmark,spoofed,E_0000740495,1,bandstop,250-500Hz,1.0
wavmark,spoofed,E_0000740495,1,bandpass,250-500Hz,0.0
wavmark,spoofed,E_0000740495,1,bandstop,500-1kHz,1.0
wavmark,spoofed,E_0000740495,1,bandpass,500-1kHz,0.0
wavmark,spoofed,E_0000740495,1,bandstop,1k-2kHz,1.0
wavmark,spoofed,E_0000740495,1,bandpass,1k-2kHz,0.0
wavmark,spoofed,E_0000740495,1,bandstop,2k-4kHz,1.0
wavmark,spoofed,E_0000740495,1,bandpass,2k-4kHz,1.0
wavmark,spoofed,E_0000740495,1,bandstop,4k-8kHz,1.0
wavmark,spoofed,E_0000740495,1,bandpass,4k-8kHz,1.0
wavmark,spoofed,E_0000853746,0,none,unfiltered,0.0
wavmark,spoofed,E_0000853746,0,bandstop,0-250Hz,0.0
wavmark,spoofed,E_0000853746,0,bandpass,0-250Hz,0.0
wavmark,spoofed,E_0000853746,0,bandstop,250-500Hz,0.0
wavmark,spoofed,E_0000853746,0,bandpass,250-500Hz,0.0
wavmark,spoofed,E_0000853746,0,bandstop,500-1kHz,0.0
wavmark,spoofed,E_0000853746,0,bandpass,500-1kHz,0.0
wavmark,spoofed,E_0000853746,0,bandstop,1k-2kHz,0.0
wavmark,spoofed,E_0000853746,0,bandpass,1k-2kHz,0.0
wavmark,spoofed,E_0000853746,0,bandstop,2k-4kHz,0.0
wavmark,spoofed,E_0000853746,0,bandpass,2k-4kHz,0.0
wavmark,spoofed,E_0000853746,0,bandstop,4k-8kHz,0.0
wavmark,spoofed,E_0000853746,0,bandpass,4k-8kHz,0.0
wavmark,spoofed,E_0000853746,1,none,unfiltered,1.0
wavmark,spoofed,E_0000853746,1,bandstop,0-250Hz,1.0
wavmark,spoofed,E_0000853746,1,bandpass,0-250Hz,0.0
wavmark,spoofed,E_0000853746,1,bandstop,250-500Hz,1.0
wavmark,spoofed,E_0000853746,1,bandpass,250-500Hz,0.0
wavmark,spoofed,E_0000853746,1,bandstop,500-1kHz,1.0
wavmark,spoofed,E_0000853746,1,bandpass,500-1kHz,0.0
wavmark,spoofed,E_0000853746,1,bandstop,1k-2kHz,1.0
wavmark,spoofed,E_0000853746,1,bandpass,1k-2kHz,0.0
wavmark,spoofed,E_0000853746,1,bandstop,2k-4kHz,0.9375
wavmark,spoofed,E_0000853746,1,bandpass,2k-4kHz,1.0
wavmark,spoofed,E_0000853746,1,bandstop,4k-8kHz,1.0
wavmark,spoofed,E_0000853746,1,bandpass,4k-8kHz,1.0
wavmark,spoofed,E_0000933854,0,none,unfiltered,0.0
wavmark,spoofed,E_0000933854,0,bandstop,0-250Hz,0.0
wavmark,spoofed,E_0000933854,0,bandpass,0-250Hz,0.0
wavmark,spoofed,E_0000933854,0,bandstop,250-500Hz,0.0
wavmark,spoofed,E_0000933854,0,bandpass,250-500Hz,0.0
wavmark,spoofed,E_0000933854,0,bandstop,500-1kHz,0.0
wavmark,spoofed,E_0000933854,0,bandpass,500-1kHz,0.0
wavmark,spoofed,E_0000933854,0,bandstop,1k-2kHz,0.0
wavmark,spoofed,E_0000933854,0,bandpass,1k-2kHz,0.0
wavmark,spoofed,E_0000933854,0,bandstop,2k-4kHz,0.0
wavmark,spoofed,E_0000933854,0,bandpass,2k-4kHz,0.0
wavmark,spoofed,E_0000933854,0,bandstop,4k-8kHz,0.0
wavmark,spoofed,E_0000933854,0,bandpass,4k-8kHz,0.0
wavmark,spoofed,E_0000933854,1,none,unfiltered,1.0
wavmark,spoofed,E_0000933854,1,bandstop,0-250Hz,1.0
wavmark,spoofed,E_0000933854,1,bandpass,0-250Hz,0.0
wavmark,spoofed,E_0000933854,1,bandstop,250-500Hz,1.0
wavmark,spoofed,E_0000933854,1,bandpass,250-500Hz,0.0
wavmark,spoofed,E_0000933854,1,bandstop,500-1kHz,1.0
wavmark,spoofed,E_0000933854,1,bandpass,500-1kHz,0.0
wavmark,spoofed,E_0000933854,1,bandstop,1k-2kHz,1.0
wavmark,spoofed,E_0000933854,1,bandpass,1k-2kHz,0.0
wavmark,spoofed,E_0000933854,1,bandstop,2k-4kHz,0.9375
wavmark,spoofed,E_0000933854,1,bandpass,2k-4kHz,1.0
wavmark,spoofed,E_0000933854,1,bandstop,4k-8kHz,1.0
wavmark,spoofed,E_0000933854,1,bandpass,4k-8kHz,1.0
wavmark,spoofed,E_0001278849,0,none,unfiltered,0.0
wavmark,spoofed,E_0001278849,0,bandstop,0-250Hz,0.0
wavmark,spoofed,E_0001278849,0,bandpass,0-250Hz,0.0
wavmark,spoofed,E_0001278849,0,bandstop,250-500Hz,0.0
wavmark,spoofed,E_0001278849,0,bandpass,250-500Hz,0.0
wavmark,spoofed,E_0001278849,0,bandstop,500-1kHz,0.0
wavmark,spoofed,E_0001278849,0,bandpass,500-1kHz,0.0
wavmark,spoofed,E_0001278849,0,bandstop,1k-2kHz,0.0
wavmark,spoofed,E_0001278849,0,bandpass,1k-2kHz,0.0
wavmark,spoofed,E_0001278849,0,bandstop,2k-4kHz,0.0
wavmark,spoofed,E_0001278849,0,bandpass,2k-4kHz,0.0
wavmark,spoofed,E_0001278849,0,bandstop,4k-8kHz,0.0
wavmark,spoofed,E_0001278849,0,bandpass,4k-8kHz,0.0
wavmark,spoofed,E_0001278849,1,none,unfiltered,1.0
wavmark,spoofed,E_0001278849,1,bandstop,0-250Hz,1.0
wavmark,spoofed,E_0001278849,1,bandpass,0-250Hz,0.0
wavmark,spoofed,E_0001278849,1,bandstop,250-500Hz,1.0
wavmark,spoofed,E_0001278849,1,bandpass,250-500Hz,0.0
wavmark,spoofed,E_0001278849,1,bandstop,500-1kHz,1.0
wavmark,spoofed,E_0001278849,1,bandpass,500-1kHz,0.0
wavmark,spoofed,E_0001278849,1,bandstop,1k-2kHz,1.0
wavmark,spoofed,E_0001278849,1,bandpass,1k-2kHz,0.0
wavmark,spoofed,E_0001278849,1,bandstop,2k-4kHz,0.9375
wavmark,spoofed,E_0001278849,1,bandpass,2k-4kHz,1.0
wavmark,spoofed,E_0001278849,1,bandstop,4k-8kHz,1.0
wavmark,spoofed,E_0001278849,1,bandpass,4k-8kHz,1.0
wavmark,spoofed,E_0001366709,0,none,unfiltered,0.0
wavmark,spoofed,E_0001366709,0,bandstop,0-250Hz,0.0
wavmark,spoofed,E_0001366709,0,bandpass,0-250Hz,0.0
wavmark,spoofed,E_0001366709,0,bandstop,250-500Hz,0.0
wavmark,spoofed,E_0001366709,0,bandpass,250-500Hz,0.0
wavmark,spoofed,E_0001366709,0,bandstop,500-1kHz,0.0
wavmark,spoofed,E_0001366709,0,bandpass,500-1kHz,0.0
wavmark,spoofed,E_0001366709,0,bandstop,1k-2kHz,0.0
wavmark,spoofed,E_0001366709,0,bandpass,1k-2kHz,0.0
wavmark,spoofed,E_0001366709,0,bandstop,2k-4kHz,0.0
wavmark,spoofed,E_0001366709,0,bandpass,2k-4kHz,0.0
wavmark,spoofed,E_0001366709,0,bandstop,4k-8kHz,0.0
wavmark,spoofed,E_0001366709,0,bandpass,4k-8kHz,0.0
wavmark,spoofed,E_0001366709,1,none,unfiltered,1.0
wavmark,spoofed,E_0001366709,1,bandstop,0-250Hz,1.0
wavmark,spoofed,E_0001366709,1,bandpass,0-250Hz,0.0
wavmark,spoofed,E_0001366709,1,bandstop,250-500Hz,1.0
wavmark,spoofed,E_0001366709,1,bandpass,250-500Hz,0.0
wavmark,spoofed,E_0001366709,1,bandstop,500-1kHz,1.0
wavmark,spoofed,E_0001366709,1,bandpass,500-1kHz,0.0
wavmark,spoofed,E_0001366709,1,bandstop,1k-2kHz,1.0
wavmark,spoofed,E_0001366709,1,bandpass,1k-2kHz,0.0
wavmark,spoofed,E_0001366709,1,bandstop,2k-4kHz,1.0
wavmark,spoofed,E_0001366709,1,bandpass,2k-4kHz,1.0
wavmark,spoofed,E_0001366709,1,bandstop,4k-8kHz,1.0
wavmark,spoofed,E_0001366709,1,bandpass,4k-8kHz,1.0
